-- phpMyAdmin SQL Dump
-- version 4.8.3
-- https://www.phpmyadmin.net/
--
-- Host: 127.0.0.1
-- Generation Time: Oct 22, 2018 at 11:49 AM
-- Server version: 10.1.36-MariaDB
-- PHP Version: 7.2.10

SET SQL_MODE = "NO_AUTO_VALUE_ON_ZERO";
SET AUTOCOMMIT = 0;
START TRANSACTION;
SET time_zone = "+00:00";


/*!40101 SET @OLD_CHARACTER_SET_CLIENT=@@CHARACTER_SET_CLIENT */;
/*!40101 SET @OLD_CHARACTER_SET_RESULTS=@@CHARACTER_SET_RESULTS */;
/*!40101 SET @OLD_COLLATION_CONNECTION=@@COLLATION_CONNECTION */;
/*!40101 SET NAMES utf8mb4 */;

--
-- Database: `eapi`
--

-- --------------------------------------------------------

--
-- Table structure for table `migrations`
--

CREATE TABLE `migrations` (
  `id` int(10) UNSIGNED NOT NULL,
  `migration` varchar(191) COLLATE utf8mb4_unicode_ci NOT NULL,
  `batch` int(11) NOT NULL
) ENGINE=InnoDB DEFAULT CHARSET=utf8mb4 COLLATE=utf8mb4_unicode_ci;

--
-- Dumping data for table `migrations`
--

INSERT INTO `migrations` (`id`, `migration`, `batch`) VALUES
(1, '2014_10_12_000000_create_users_table', 1),
(2, '2014_10_12_100000_create_password_resets_table', 1),
(3, '2018_10_17_063952_create_products_table', 1),
(4, '2018_10_17_064016_create_reviews_table', 1),
(5, '2016_06_01_000001_create_oauth_auth_codes_table', 2),
(6, '2016_06_01_000002_create_oauth_access_tokens_table', 2),
(7, '2016_06_01_000003_create_oauth_refresh_tokens_table', 2),
(8, '2016_06_01_000004_create_oauth_clients_table', 2),
(9, '2016_06_01_000005_create_oauth_personal_access_clients_table', 2);

-- --------------------------------------------------------

--
-- Table structure for table `oauth_access_tokens`
--

CREATE TABLE `oauth_access_tokens` (
  `id` varchar(100) COLLATE utf8mb4_unicode_ci NOT NULL,
  `user_id` int(11) DEFAULT NULL,
  `client_id` int(11) NOT NULL,
  `name` varchar(191) COLLATE utf8mb4_unicode_ci DEFAULT NULL,
  `scopes` text COLLATE utf8mb4_unicode_ci,
  `revoked` tinyint(1) NOT NULL,
  `created_at` timestamp NULL DEFAULT NULL,
  `updated_at` timestamp NULL DEFAULT NULL,
  `expires_at` datetime DEFAULT NULL
) ENGINE=InnoDB DEFAULT CHARSET=utf8mb4 COLLATE=utf8mb4_unicode_ci;

--
-- Dumping data for table `oauth_access_tokens`
--

INSERT INTO `oauth_access_tokens` (`id`, `user_id`, `client_id`, `name`, `scopes`, `revoked`, `created_at`, `updated_at`, `expires_at`) VALUES
('0a85b53c9bfbae0696ac755206638c4d4cf01d80f10cc23f8730e5aa243c97f4c92583f11c7c3257', 1, 2, NULL, '[]', 0, '2018-10-22 02:52:05', '2018-10-22 02:52:05', '2019-10-22 08:22:05'),
('3f0cc80a65262abf6faff88a268163735ebf6ae3188cb4c2eaf59417f6339e52f98e1eebf87c20ef', 1, 2, NULL, '[]', 0, '2018-10-22 02:18:09', '2018-10-22 02:18:09', '2019-10-22 07:48:09');

-- --------------------------------------------------------

--
-- Table structure for table `oauth_auth_codes`
--

CREATE TABLE `oauth_auth_codes` (
  `id` varchar(100) COLLATE utf8mb4_unicode_ci NOT NULL,
  `user_id` int(11) NOT NULL,
  `client_id` int(11) NOT NULL,
  `scopes` text COLLATE utf8mb4_unicode_ci,
  `revoked` tinyint(1) NOT NULL,
  `expires_at` datetime DEFAULT NULL
) ENGINE=InnoDB DEFAULT CHARSET=utf8mb4 COLLATE=utf8mb4_unicode_ci;

-- --------------------------------------------------------

--
-- Table structure for table `oauth_clients`
--

CREATE TABLE `oauth_clients` (
  `id` int(10) UNSIGNED NOT NULL,
  `user_id` int(11) DEFAULT NULL,
  `name` varchar(191) COLLATE utf8mb4_unicode_ci NOT NULL,
  `secret` varchar(100) COLLATE utf8mb4_unicode_ci NOT NULL,
  `redirect` text COLLATE utf8mb4_unicode_ci NOT NULL,
  `personal_access_client` tinyint(1) NOT NULL,
  `password_client` tinyint(1) NOT NULL,
  `revoked` tinyint(1) NOT NULL,
  `created_at` timestamp NULL DEFAULT NULL,
  `updated_at` timestamp NULL DEFAULT NULL
) ENGINE=InnoDB DEFAULT CHARSET=utf8mb4 COLLATE=utf8mb4_unicode_ci;

--
-- Dumping data for table `oauth_clients`
--

INSERT INTO `oauth_clients` (`id`, `user_id`, `name`, `secret`, `redirect`, `personal_access_client`, `password_client`, `revoked`, `created_at`, `updated_at`) VALUES
(1, NULL, 'Laravel Personal Access Client', 'QRGPg450msG24vpXARVXGy151HJIi43U5F2ApzW0', 'http://localhost', 1, 0, 0, '2018-10-22 01:38:03', '2018-10-22 01:38:03'),
(2, NULL, 'Laravel Password Grant Client', 'qycuBBNdD2J6SG7TDIW0y6tSIsJIHZKeNHXgxV8b', 'http://localhost', 0, 1, 0, '2018-10-22 01:38:03', '2018-10-22 01:38:03');

-- --------------------------------------------------------

--
-- Table structure for table `oauth_personal_access_clients`
--

CREATE TABLE `oauth_personal_access_clients` (
  `id` int(10) UNSIGNED NOT NULL,
  `client_id` int(11) NOT NULL,
  `created_at` timestamp NULL DEFAULT NULL,
  `updated_at` timestamp NULL DEFAULT NULL
) ENGINE=InnoDB DEFAULT CHARSET=utf8mb4 COLLATE=utf8mb4_unicode_ci;

--
-- Dumping data for table `oauth_personal_access_clients`
--

INSERT INTO `oauth_personal_access_clients` (`id`, `client_id`, `created_at`, `updated_at`) VALUES
(1, 1, '2018-10-22 01:38:03', '2018-10-22 01:38:03');

-- --------------------------------------------------------

--
-- Table structure for table `oauth_refresh_tokens`
--

CREATE TABLE `oauth_refresh_tokens` (
  `id` varchar(100) COLLATE utf8mb4_unicode_ci NOT NULL,
  `access_token_id` varchar(100) COLLATE utf8mb4_unicode_ci NOT NULL,
  `revoked` tinyint(1) NOT NULL,
  `expires_at` datetime DEFAULT NULL
) ENGINE=InnoDB DEFAULT CHARSET=utf8mb4 COLLATE=utf8mb4_unicode_ci;

--
-- Dumping data for table `oauth_refresh_tokens`
--

INSERT INTO `oauth_refresh_tokens` (`id`, `access_token_id`, `revoked`, `expires_at`) VALUES
('7fec43712c7b56c9476f1c317cbdfe635fc36c017da766c53da1196e6618312703ef6b569b3fd363', '3f0cc80a65262abf6faff88a268163735ebf6ae3188cb4c2eaf59417f6339e52f98e1eebf87c20ef', 0, '2019-10-22 07:48:09'),
('bf9bb41563af4eca872cafac4801e0e581dd5ef657c80a3b1937eaa671af4ea9118c8ae0d4cd4865', '0a85b53c9bfbae0696ac755206638c4d4cf01d80f10cc23f8730e5aa243c97f4c92583f11c7c3257', 0, '2019-10-22 08:22:05');

-- --------------------------------------------------------

--
-- Table structure for table `password_resets`
--

CREATE TABLE `password_resets` (
  `email` varchar(191) COLLATE utf8mb4_unicode_ci NOT NULL,
  `token` varchar(191) COLLATE utf8mb4_unicode_ci NOT NULL,
  `created_at` timestamp NULL DEFAULT NULL
) ENGINE=InnoDB DEFAULT CHARSET=utf8mb4 COLLATE=utf8mb4_unicode_ci;

-- --------------------------------------------------------

--
-- Table structure for table `products`
--

CREATE TABLE `products` (
  `id` int(10) UNSIGNED NOT NULL,
  `name` varchar(191) COLLATE utf8mb4_unicode_ci NOT NULL,
  `detail` text COLLATE utf8mb4_unicode_ci NOT NULL,
  `price` int(11) NOT NULL,
  `stock` int(11) NOT NULL,
  `discount` int(11) NOT NULL,
  `created_at` timestamp NULL DEFAULT NULL,
  `updated_at` timestamp NULL DEFAULT NULL
) ENGINE=InnoDB DEFAULT CHARSET=utf8mb4 COLLATE=utf8mb4_unicode_ci;

--
-- Dumping data for table `products`
--

INSERT INTO `products` (`id`, `name`, `detail`, `price`, `stock`, `discount`, `created_at`, `updated_at`) VALUES
(1, 'ut', 'Vitae quia ut sint unde. Corporis quam placeat ut. Sunt dolores quisquam iusto doloremque aspernatur quasi consectetur.', 618, 0, 12, '2018-10-22 01:32:27', '2018-10-22 01:32:27'),
(2, 'dolore', 'Esse voluptate minus voluptatibus pariatur velit nihil. Est consequatur consequatur officia qui velit. Laboriosam consequatur est suscipit consequatur debitis possimus. Impedit ut debitis et et.', 210, 0, 45, '2018-10-22 01:32:27', '2018-10-22 01:32:27'),
(3, 'error', 'Eveniet numquam dolores doloremque commodi optio quia optio sunt. Odit quia unde quis. Tempora rerum dolore doloribus cupiditate odio necessitatibus aliquid.', 192, 3, 12, '2018-10-22 01:32:27', '2018-10-22 01:32:27'),
(4, 'ea', 'Est reiciendis rerum qui consequatur voluptatibus vitae sint. Repudiandae sunt consectetur itaque autem placeat. Numquam sit quisquam quia reprehenderit. Dignissimos qui occaecati velit earum repellat aut.', 430, 6, 50, '2018-10-22 01:32:27', '2018-10-22 01:32:27'),
(5, 'voluptatem', 'Deleniti quae aut nostrum dolorem iusto. Consectetur ut repudiandae nostrum quod ut deserunt distinctio cum. Quo tempora non architecto inventore fugit enim.', 584, 9, 36, '2018-10-22 01:32:27', '2018-10-22 01:32:27'),
(6, 'harum', 'Natus sint voluptatum aliquam sapiente sint et nulla. Voluptates et corrupti nihil atque est omnis quia. Animi ex suscipit impedit ex quas sit consectetur. Totam officiis quasi illum quia quia.', 386, 2, 16, '2018-10-22 01:32:27', '2018-10-22 01:32:27'),
(7, 'aut', 'Pariatur mollitia assumenda laborum sit. Omnis quo vitae quibusdam earum aut maxime. Repellat quasi ea quis excepturi eius at.', 497, 1, 23, '2018-10-22 01:32:27', '2018-10-22 01:32:27'),
(8, 'illum', 'Praesentium saepe necessitatibus excepturi aperiam. Et quia illo quae sint eaque maxime iste. Sapiente commodi illum voluptas.', 319, 8, 46, '2018-10-22 01:32:27', '2018-10-22 01:32:27'),
(9, 'illum', 'Qui sint deleniti velit natus officia illum illum. Qui reiciendis occaecati molestiae corporis. Eius soluta soluta modi porro alias aliquam.', 903, 9, 24, '2018-10-22 01:32:27', '2018-10-22 01:32:27'),
(10, 'magnam', 'Beatae dolorum facilis ipsum vel iste atque. Quis quae et mollitia. Ipsa qui praesentium mollitia tenetur quia sunt dignissimos. Quaerat omnis commodi itaque ipsum atque.', 922, 3, 48, '2018-10-22 01:32:27', '2018-10-22 01:32:27'),
(11, 'sed', 'Sed perspiciatis provident inventore id sunt vero. Quasi illum qui ex quia earum. Voluptas quis eligendi autem aut. Molestiae incidunt et modi ipsam necessitatibus velit.', 971, 4, 31, '2018-10-22 01:32:28', '2018-10-22 01:32:28'),
(12, 'sit', 'Eum tempore harum consequatur a vel veritatis sint. Ut natus impedit qui sit commodi aperiam soluta ab. Dolor ratione provident totam libero facilis. Aspernatur temporibus sed officia dolores.', 696, 1, 20, '2018-10-22 01:32:28', '2018-10-22 01:32:28'),
(13, 'dolorem', 'Praesentium ea accusantium qui voluptates aliquid. Qui ea tenetur exercitationem esse ipsum officia eaque. Deserunt laborum labore nisi et omnis.', 963, 3, 15, '2018-10-22 01:32:28', '2018-10-22 01:32:28'),
(14, 'et', 'Voluptatibus voluptatem aliquid est sapiente illo est. Aut numquam aut aut mollitia nihil aut. Nihil et aperiam omnis quidem rem consequatur nobis. Corrupti voluptatem animi eaque esse.', 890, 5, 14, '2018-10-22 01:32:28', '2018-10-22 01:32:28'),
(15, 'et', 'Illum impedit modi vel omnis rerum. Facilis cumque nam placeat est vitae et. Non facilis repellat hic quidem aliquam vel. Impedit in nulla quam deserunt libero distinctio voluptatem.', 788, 9, 25, '2018-10-22 01:32:28', '2018-10-22 01:32:28'),
(16, 'sequi', 'Expedita voluptatem quia eos sed aperiam. Nam qui est inventore deserunt.', 201, 2, 47, '2018-10-22 01:32:28', '2018-10-22 01:32:28'),
(17, 'quia', 'Quos officia qui labore et eos aut quos. Quidem occaecati veniam atque rem totam quia ut. Rerum officiis deleniti blanditiis nam.', 919, 8, 23, '2018-10-22 01:32:28', '2018-10-22 01:32:28'),
(18, 'ullam', 'Dolore ullam quia sed officiis voluptas sint nulla. Deleniti eos expedita et recusandae et. Et similique dolores dolores temporibus est atque possimus. Qui voluptas non ut a.', 183, 0, 3, '2018-10-22 01:32:28', '2018-10-22 01:32:28'),
(19, 'nesciunt', 'Sequi corrupti molestiae omnis non aliquid quia beatae. Inventore maiores maiores magnam consequatur ipsam. Ut assumenda fugiat veritatis dolorem nesciunt voluptatem. Qui non dolor vitae sunt corporis reprehenderit quia quis.', 142, 4, 27, '2018-10-22 01:32:28', '2018-10-22 01:32:28'),
(20, 'saepe', 'Numquam aut qui eum enim officia ipsum facilis. Aliquam et reiciendis sint reiciendis quam doloremque qui. Sit nobis laboriosam in accusamus.', 614, 1, 34, '2018-10-22 01:32:28', '2018-10-22 01:32:28'),
(21, 'eius', 'Ut impedit et in dolor labore corrupti fugit. Praesentium non autem veniam nihil accusantium enim doloremque. Omnis consectetur nobis vero distinctio dicta dolorum. Ut sapiente sed et qui blanditiis rerum et.', 214, 5, 26, '2018-10-22 01:32:28', '2018-10-22 01:32:28'),
(22, 'nemo', 'Necessitatibus in occaecati maxime iste similique accusantium. Commodi delectus et id eaque culpa. Deserunt laboriosam sit ut laborum. Occaecati voluptatem placeat eveniet aut qui eius alias.', 405, 2, 48, '2018-10-22 01:32:28', '2018-10-22 01:32:28'),
(23, 'nihil', 'Est ea iure id corrupti. Sunt a quis quibusdam dolore numquam consequuntur doloremque. Iste aut accusamus explicabo optio eius quasi.', 531, 2, 34, '2018-10-22 01:32:28', '2018-10-22 01:32:28'),
(24, 'mollitia', 'Velit ea fuga aliquid odit sed quo qui repudiandae. Similique eligendi enim cupiditate est velit. Porro facilis ex nisi error. Quia laborum saepe odio illo aut.', 946, 8, 9, '2018-10-22 01:32:28', '2018-10-22 01:32:28'),
(25, 'iusto', 'Quia voluptas aut accusantium eos ea. Dolore et iusto ipsa laborum. Recusandae ratione ullam non deserunt autem consequatur.', 916, 4, 39, '2018-10-22 01:32:28', '2018-10-22 01:32:28'),
(26, 'distinctio', 'Quia animi quasi voluptate enim et occaecati. Quasi et voluptatem repellendus beatae. Neque commodi repudiandae sunt dolor explicabo voluptatem omnis.', 440, 7, 41, '2018-10-22 01:32:28', '2018-10-22 01:32:28'),
(27, 'veritatis', 'Velit ratione autem delectus expedita provident recusandae quis. Consequatur ea explicabo dolore quae. Necessitatibus veritatis voluptate ex delectus iste. Quasi omnis beatae minus sit.', 672, 2, 50, '2018-10-22 01:32:28', '2018-10-22 01:32:28'),
(28, 'sapiente', 'Voluptas sint itaque alias nulla voluptas vitae. Enim ut perspiciatis sequi vitae qui. Impedit dignissimos fugiat dolorum ut saepe.', 320, 7, 36, '2018-10-22 01:32:28', '2018-10-22 01:32:28'),
(29, 'esse', 'Et aut dignissimos at tempora non. Dolores animi dolorem eveniet ut asperiores. Exercitationem quia sed quia repellendus exercitationem et officia totam. Enim minima dolores ut eum voluptatem itaque. Molestias cupiditate omnis et fugiat rerum.', 205, 7, 44, '2018-10-22 01:32:28', '2018-10-22 01:32:28'),
(30, 'molestias', 'Nam omnis officia optio et voluptatem omnis perspiciatis. Corporis officia fuga nemo occaecati aut. Sit suscipit dolor non deserunt pariatur. Sit aut qui omnis magnam.', 112, 8, 28, '2018-10-22 01:32:28', '2018-10-22 01:32:28'),
(31, 'rem', 'Omnis nemo ipsum est voluptatem quasi repudiandae omnis. Nisi ducimus ipsum et quam. Eveniet at eius recusandae officiis temporibus pariatur ipsam. Doloribus ipsa ut quia adipisci voluptate nisi quia tenetur.', 207, 5, 28, '2018-10-22 01:32:28', '2018-10-22 01:32:28'),
(32, 'placeat', 'Illum ex qui sunt eius ipsa et cum. Quis repudiandae eos consequatur non. Earum illo reiciendis iure omnis pariatur doloribus. Repudiandae sed nam molestiae deleniti quasi maiores.', 760, 6, 33, '2018-10-22 01:32:28', '2018-10-22 01:32:28'),
(33, 'consequatur', 'Architecto nihil blanditiis sed illum tempora odio distinctio illo. Iure quas repellendus unde itaque temporibus. Quia magni pariatur quia aut minima illum explicabo.', 228, 5, 50, '2018-10-22 01:32:28', '2018-10-22 01:32:28'),
(34, 'fugiat', 'Voluptas ut maiores eum expedita. Animi ab officiis fugiat officiis est officiis consequatur. Quis accusamus ut neque est veritatis nostrum architecto. Sed autem ullam facere expedita.', 531, 1, 15, '2018-10-22 01:32:28', '2018-10-22 01:32:28'),
(35, 'voluptate', 'In quo deserunt non. Quae quibusdam eius eum temporibus maxime enim hic. Itaque labore asperiores aut omnis amet a. Non suscipit provident incidunt accusamus iste porro ipsam corrupti.', 815, 6, 40, '2018-10-22 01:32:28', '2018-10-22 01:32:28'),
(36, 'quo', 'Optio accusamus voluptatem adipisci qui provident explicabo. Et ut autem omnis velit. Corporis sunt et explicabo consequuntur aut provident iste. Maxime quis maxime dolores.', 994, 2, 49, '2018-10-22 01:32:28', '2018-10-22 01:32:28'),
(37, 'repellat', 'Eum nisi velit expedita nesciunt laudantium non laboriosam. Eius facere est porro nostrum nesciunt in. Vero quo aliquid fuga odit.', 214, 7, 11, '2018-10-22 01:32:28', '2018-10-22 01:32:28'),
(38, 'ex', 'Numquam perspiciatis reiciendis porro asperiores ea in unde. Corporis soluta libero consequuntur optio eligendi architecto magnam. Et id odit veritatis debitis rerum. Nobis architecto architecto ipsa incidunt enim aut.', 550, 1, 46, '2018-10-22 01:32:28', '2018-10-22 01:32:28'),
(39, 'sunt', 'Non ut sint sapiente. In consequatur ullam ipsum perspiciatis maiores optio. Id corrupti sunt culpa sit earum qui aut. Aut eveniet dolorem assumenda aspernatur aut et beatae.', 872, 0, 9, '2018-10-22 01:32:28', '2018-10-22 01:32:28'),
(40, 'expedita', 'Laboriosam dolorem saepe voluptates omnis. Illo ab saepe temporibus debitis omnis. Laudantium omnis qui architecto quibusdam cum enim.', 523, 2, 8, '2018-10-22 01:32:28', '2018-10-22 01:32:28'),
(41, 'dolore', 'Fugit iure placeat est dolor sunt a. Sed voluptas quod id. Quos accusantium voluptas quas cupiditate at recusandae vitae. Voluptatum a quidem libero quia quae laudantium delectus.', 342, 3, 11, '2018-10-22 01:32:28', '2018-10-22 01:32:28'),
(42, 'et', 'Quod et omnis odit molestiae qui aut incidunt. Atque ipsam quia ut cumque voluptates dolorem et. Dolorem sequi optio unde et.', 395, 0, 12, '2018-10-22 01:32:28', '2018-10-22 01:32:28'),
(43, 'nihil', 'Doloremque est enim commodi. Omnis reiciendis ab doloremque adipisci. Ipsa praesentium soluta in optio ad ipsam. Beatae rem expedita ipsa consequatur.', 926, 1, 20, '2018-10-22 01:32:28', '2018-10-22 01:32:28'),
(44, 'qui', 'Porro ab est voluptatibus tempore perspiciatis. Non tenetur qui quaerat corporis adipisci distinctio. Et deserunt rerum cupiditate dignissimos maiores laboriosam.', 319, 2, 12, '2018-10-22 01:32:28', '2018-10-22 01:32:28'),
(45, 'et', 'Ut aut quae delectus porro a occaecati. Velit aspernatur qui repellendus sequi quia dolores. Voluptatem et ut est quia rerum.', 412, 0, 20, '2018-10-22 01:32:28', '2018-10-22 01:32:28'),
(46, 'enim', 'Quas voluptatem quis eos quos. Voluptas dolores sapiente iusto facere sunt vero assumenda et. Omnis quam a aut consectetur ipsam aperiam natus et. Iste quisquam et aut commodi cupiditate excepturi. Quam eaque facere dolor aperiam explicabo.', 922, 5, 48, '2018-10-22 01:32:28', '2018-10-22 01:32:28'),
(47, 'iusto', 'Quia quia sunt asperiores quae autem. Non omnis cum temporibus exercitationem ut ipsa debitis.', 688, 1, 5, '2018-10-22 01:32:28', '2018-10-22 01:32:28'),
(48, 'corporis', 'Aliquid excepturi aut omnis id dicta voluptates. Et reiciendis atque aut. Odio omnis rerum quidem recusandae est sint amet. Voluptatem et delectus soluta.', 304, 7, 37, '2018-10-22 01:32:28', '2018-10-22 01:32:28'),
(49, 'voluptas', 'Optio sint quis aliquam qui. Hic blanditiis et omnis nihil velit corrupti. Reprehenderit totam perspiciatis voluptate est placeat eaque officiis. Minima illo doloribus doloribus.', 509, 8, 31, '2018-10-22 01:32:28', '2018-10-22 01:32:28'),
(50, 'rerum', 'Qui ducimus aliquam dolorem qui. Asperiores molestias accusamus est fuga. Labore explicabo nulla sit.', 818, 4, 16, '2018-10-22 01:32:28', '2018-10-22 01:32:28'),
(51, 'Samsung Note 9', 'Most Powerful Smartphone of the Year 2018', 67000, 50, 15, '2018-10-22 04:10:28', '2018-10-22 04:10:28'),
(52, 'Samsung Note 9', 'Most Powerful Smartphone of the Year 2018', 67000, 50, 15, '2018-10-22 04:10:52', '2018-10-22 04:10:52'),
(53, 'Samsung Note 8', 'Most Powerful Smartphone of the Year 2017', 43000, 30, 10, '2018-10-22 04:11:46', '2018-10-22 04:11:46');

-- --------------------------------------------------------

--
-- Table structure for table `reviews`
--

CREATE TABLE `reviews` (
  `id` int(10) UNSIGNED NOT NULL,
  `product_id` int(10) UNSIGNED NOT NULL,
  `customer` varchar(191) COLLATE utf8mb4_unicode_ci NOT NULL,
  `review` text COLLATE utf8mb4_unicode_ci NOT NULL,
  `star` int(11) NOT NULL,
  `created_at` timestamp NULL DEFAULT NULL,
  `updated_at` timestamp NULL DEFAULT NULL
) ENGINE=InnoDB DEFAULT CHARSET=utf8mb4 COLLATE=utf8mb4_unicode_ci;

--
-- Dumping data for table `reviews`
--

INSERT INTO `reviews` (`id`, `product_id`, `customer`, `review`, `star`, `created_at`, `updated_at`) VALUES
(1, 26, 'Hailey Huels', 'Tempora natus temporibus deleniti quae quos vel iusto. Magnam minus dolor enim omnis aut nobis vel expedita. Libero aperiam maxime earum repudiandae rerum velit sit repellendus.', 5, '2018-10-22 01:32:28', '2018-10-22 01:32:28'),
(2, 29, 'Prof. Alan Bashirian DVM', 'Consectetur laudantium iusto unde. Quis voluptas dicta cupiditate voluptatem. Nostrum reprehenderit itaque iusto laboriosam non temporibus odit. Fuga ratione saepe et quaerat quidem voluptas.', 2, '2018-10-22 01:32:29', '2018-10-22 01:32:29'),
(3, 17, 'Mr. Eriberto Cremin', 'Voluptate quis enim nesciunt totam veritatis vel. Ratione eveniet pariatur voluptatem voluptas non adipisci.', 1, '2018-10-22 01:32:29', '2018-10-22 01:32:29'),
(4, 50, 'Robyn Kreiger', 'Magni repellendus ab labore tenetur fuga qui aliquid cupiditate. Possimus nulla et eius qui culpa. Sequi sit enim iste inventore aliquid culpa. Ad suscipit consequuntur illum voluptas veritatis.', 4, '2018-10-22 01:32:29', '2018-10-22 01:32:29'),
(5, 26, 'Prof. Claudia Lindgren MD', 'A rerum consectetur hic dignissimos. Quis repellendus vel doloremque cum vitae et et. Autem deserunt qui perferendis voluptatem.', 5, '2018-10-22 01:32:29', '2018-10-22 01:32:29'),
(6, 10, 'Jasmin Leuschke', 'Hic vel et eligendi at iste. Ut ut ipsam enim corrupti ea sed quis. Veritatis eum eum aut deserunt quia eius voluptas. Officia debitis laboriosam eum fugiat quia alias.', 1, '2018-10-22 01:32:29', '2018-10-22 01:32:29'),
(7, 46, 'Dr. Glenna Larson', 'Velit odit non a aliquam enim quisquam. Velit omnis aperiam consequatur blanditiis consequuntur. Officiis suscipit quia praesentium et natus optio delectus. Occaecati alias magni ab consequatur quo.', 0, '2018-10-22 01:32:29', '2018-10-22 01:32:29'),
(8, 14, 'Mr. Cameron Lueilwitz MD', 'Ut illo rerum qui sint vero possimus rem. Ab consequuntur corrupti maxime repellat. Enim ipsam vel non molestiae corporis. Consectetur tempora odit ea quia aut dignissimos ab debitis.', 4, '2018-10-22 01:32:29', '2018-10-22 01:32:29'),
(9, 33, 'Monserrate Halvorson PhD', 'Dolor totam aliquid quia sed deleniti totam est. Non eveniet dolor sed sed accusantium aperiam.', 5, '2018-10-22 01:32:29', '2018-10-22 01:32:29'),
(10, 31, 'Miss Dorris Upton MD', 'Repellat magni ipsa ex iure reprehenderit dolor. Maiores ducimus voluptatibus sequi. Dignissimos expedita quisquam dolores ratione qui natus ab. Sapiente minus nesciunt quia.', 1, '2018-10-22 01:32:29', '2018-10-22 01:32:29'),
(11, 11, 'Karelle Heathcote MD', 'Vel nobis aut voluptatibus ipsam magnam enim aut. Exercitationem sed explicabo assumenda magni rem ut. Sed fuga aut deserunt sunt.', 4, '2018-10-22 01:32:29', '2018-10-22 01:32:29'),
(12, 13, 'Dr. Aurelia Erdman PhD', 'Maxime error mollitia fugit debitis a voluptatibus enim. Qui similique velit nihil quaerat provident at. Modi repellendus vel facilis repellendus. Voluptas nesciunt accusamus maxime voluptas laudantium.', 3, '2018-10-22 01:32:29', '2018-10-22 01:32:29'),
(13, 24, 'Mckenna Cronin', 'Est est molestias ipsam ut. Rerum harum porro illum eos. Soluta eos illum quasi vero et. Aut consequatur sint non eligendi nulla dolorem tempora. Illum eligendi nihil tenetur et nam.', 1, '2018-10-22 01:32:29', '2018-10-22 01:32:29'),
(14, 31, 'Ms. Eloisa Hills', 'Aliquid beatae voluptate qui est rem commodi quidem nulla. Officia quibusdam autem iusto ut et eaque similique recusandae. Tenetur labore omnis quis est. Laboriosam debitis delectus quis rerum rerum qui. Aliquam voluptatem consequuntur aut et soluta fuga aut.', 2, '2018-10-22 01:32:29', '2018-10-22 01:32:29'),
(15, 49, 'Hailie Wehner', 'Neque molestias eaque asperiores voluptates quasi dolorem dignissimos ducimus. Quas excepturi soluta eum unde et vel autem. Animi quia sunt consectetur est voluptatem rerum consequatur.', 3, '2018-10-22 01:32:29', '2018-10-22 01:32:29'),
(16, 3, 'Dewitt Leuschke', 'Et et sit ut cupiditate. Dicta itaque est dolor voluptas. Voluptatem rerum nobis aliquam ipsam voluptatem. Quisquam labore nam rerum.', 3, '2018-10-22 01:32:29', '2018-10-22 01:32:29'),
(17, 37, 'Mr. Christ Langworth II', 'Vero molestias ad nihil. Iure ex id sint id deleniti sed veniam consequatur. Eaque nam et nobis in. Et perferendis voluptatem sint aliquam praesentium.', 1, '2018-10-22 01:32:29', '2018-10-22 01:32:29'),
(18, 42, 'Matilda Hagenes', 'Ut odio numquam ducimus quisquam accusamus est. Quaerat consequuntur dignissimos ipsam voluptatibus eos et accusamus. Autem eligendi aliquid numquam labore et.', 1, '2018-10-22 01:32:29', '2018-10-22 01:32:29'),
(19, 20, 'Arvel Veum IV', 'Error ab natus sint dolorem laborum modi. Consectetur quaerat laboriosam voluptate id. Nobis fugit et quidem vitae sed.', 4, '2018-10-22 01:32:29', '2018-10-22 01:32:29'),
(20, 13, 'Dr. Vinnie Schulist V', 'Et quisquam a officiis quaerat et atque ut rem. Nobis alias at voluptatem quidem dicta repellat omnis sit. Voluptas adipisci voluptatem id magnam nulla velit. Quisquam enim quisquam officiis voluptate qui dignissimos.', 1, '2018-10-22 01:32:29', '2018-10-22 01:32:29'),
(21, 30, 'Eden Dicki', 'Magni necessitatibus ab molestiae delectus omnis architecto. Consectetur qui voluptas perferendis et esse aspernatur qui. Adipisci est non voluptas atque est. Distinctio fuga fugiat nostrum sint at est et.', 2, '2018-10-22 01:32:29', '2018-10-22 01:32:29'),
(22, 45, 'Mathew Lebsack', 'Vitae molestiae recusandae et non. Placeat laboriosam sunt rerum est omnis. Dicta sit porro qui eveniet. Ipsam iusto est quisquam hic cum praesentium. Sint repudiandae vel vero laboriosam quidem sed sint cum.', 5, '2018-10-22 01:32:29', '2018-10-22 01:32:29'),
(23, 40, 'Frida Howell', 'Iusto aut sit ipsum consectetur. Autem qui numquam aperiam. Dignissimos est quidem rerum.', 0, '2018-10-22 01:32:29', '2018-10-22 01:32:29'),
(24, 12, 'Serenity Adams', 'Ad eum sit repellat debitis minima assumenda. Dolorem consequatur illo repudiandae eius doloribus aliquam. Vel sint ab maiores at dolorem commodi id. Sed quidem labore inventore fugiat eius quaerat dolores.', 5, '2018-10-22 01:32:29', '2018-10-22 01:32:29'),
(25, 42, 'Ms. Maeve Bechtelar', 'Ipsam et rem accusamus reprehenderit ut dolor. Vel labore aspernatur officia placeat. Qui beatae dolore deleniti ut deleniti. Itaque itaque fugit magni.', 5, '2018-10-22 01:32:29', '2018-10-22 01:32:29'),
(26, 41, 'Erika Walter', 'Veniam deleniti est molestias dolorum voluptas consequatur adipisci voluptatum. Est sint consectetur quia maxime itaque.', 2, '2018-10-22 01:32:29', '2018-10-22 01:32:29'),
(27, 18, 'Asia Hand', 'Inventore iste ut est dicta praesentium quia reiciendis. Nihil nostrum et vitae eos facere quia est. Ut minus dolorum est eum inventore repellat. Ratione voluptatem eos accusamus modi excepturi.', 1, '2018-10-22 01:32:29', '2018-10-22 01:32:29'),
(28, 14, 'Bernita Wyman', 'Quaerat nihil alias ut dolorem. Soluta sed nisi at. Reiciendis ut nihil molestias commodi voluptatem rerum dolorem. Deleniti officiis illo non et et nobis.', 3, '2018-10-22 01:32:29', '2018-10-22 01:32:29'),
(29, 8, 'Dereck Veum', 'Nisi ut nulla sunt qui nemo. Tenetur possimus qui accusantium ad quibusdam. Facere possimus minus voluptas mollitia quo vero. Molestiae ut voluptatem rerum nemo qui nisi.', 2, '2018-10-22 01:32:29', '2018-10-22 01:32:29'),
(30, 25, 'Hillary Zulauf', 'Consequuntur sapiente et iusto modi architecto. Ullam nobis possimus et consequuntur et dolores. Aut et repellendus ut possimus eaque voluptates deleniti deleniti. Dolor accusantium placeat commodi necessitatibus sit.', 0, '2018-10-22 01:32:29', '2018-10-22 01:32:29'),
(31, 14, 'Laisha Collins V', 'Nobis molestias sapiente veniam accusantium reprehenderit ut. Dolor quam recusandae et. Dolores quibusdam nostrum qui sequi blanditiis sed autem.', 5, '2018-10-22 01:32:29', '2018-10-22 01:32:29'),
(32, 18, 'Priscilla Paucek II', 'Praesentium sit et voluptatibus ut et omnis. Veritatis eum in sint aliquam et. Aut voluptates officiis iusto consequatur voluptatem.', 5, '2018-10-22 01:32:29', '2018-10-22 01:32:29'),
(33, 41, 'Cydney Pouros', 'Dolor sit voluptatem facere aut. Maxime rem quo consequuntur sint. Accusamus quos veritatis totam eos error aut aut.', 1, '2018-10-22 01:32:29', '2018-10-22 01:32:29'),
(34, 14, 'Prof. Agustin Buckridge', 'Et illo delectus repellendus nam quis illum quis. Rerum cumque aliquid impedit possimus sequi. Ab assumenda rerum itaque sit dolores voluptate nihil. Dolorem facere aut nesciunt.', 2, '2018-10-22 01:32:29', '2018-10-22 01:32:29'),
(35, 24, 'Miss Maybelle Bernier DVM', 'In et unde vero quod ut voluptate. Quia voluptates distinctio voluptatem illo. Minus expedita sunt saepe impedit ipsum quod eaque voluptatibus. Facilis consequatur sed accusamus voluptates aperiam. Eum recusandae nobis in.', 4, '2018-10-22 01:32:29', '2018-10-22 01:32:29'),
(36, 41, 'Dr. Talia Veum Sr.', 'Quo distinctio dolorem alias quaerat id. Non ut in blanditiis eius magni. Voluptatem asperiores harum consequatur eveniet. Architecto aut eius dolorum adipisci consequuntur.', 3, '2018-10-22 01:32:29', '2018-10-22 01:32:29'),
(37, 20, 'Cedrick Rowe', 'Enim quis aut corporis odit dicta exercitationem saepe. Minima aliquid non quasi facilis sapiente.', 3, '2018-10-22 01:32:29', '2018-10-22 01:32:29'),
(38, 7, 'Caden Erdman', 'Non quis aut cupiditate at est. Enim quis labore deleniti dolor non repellendus voluptas eius. In quod in similique porro. Consequatur culpa eos deleniti optio ut aut.', 3, '2018-10-22 01:32:29', '2018-10-22 01:32:29'),
(39, 44, 'Ervin Fahey', 'Rerum asperiores quis placeat modi temporibus. Ab natus aliquam esse nostrum. Voluptatem aut aut voluptatem eum laudantium reprehenderit magni.', 4, '2018-10-22 01:32:29', '2018-10-22 01:32:29'),
(40, 10, 'Prof. Shane Kozey II', 'Expedita maxime molestiae nihil quas earum illum. Amet quisquam et est nobis consectetur. Suscipit pariatur ut non dolorum. Fuga libero aperiam qui quos assumenda expedita.', 5, '2018-10-22 01:32:29', '2018-10-22 01:32:29'),
(41, 45, 'Kaya Smith', 'Dolorem atque maiores magnam nobis possimus. Et adipisci optio ut qui. Atque vero et vero totam praesentium.', 0, '2018-10-22 01:32:29', '2018-10-22 01:32:29'),
(42, 16, 'Thelma Runolfsson I', 'Maxime architecto facere vel nam amet dolorum. Velit quis unde sequi. Blanditiis quidem ut assumenda eos itaque et nulla. Natus sit aut et ipsa nulla ut atque deleniti.', 1, '2018-10-22 01:32:29', '2018-10-22 01:32:29'),
(43, 23, 'Prof. Jaida Purdy MD', 'Et magnam ut vitae similique unde voluptas. Aliquid et voluptas quod in magnam quasi. Tempore hic suscipit adipisci quae dolore.', 1, '2018-10-22 01:32:29', '2018-10-22 01:32:29'),
(44, 2, 'Dr. Zelda Schneider', 'Ut dolorem repellat et laborum. Sint exercitationem ab et porro omnis sit. Quis et dicta sunt beatae vel magni quia. Accusamus doloribus eaque quaerat tempora.', 4, '2018-10-22 01:32:29', '2018-10-22 01:32:29'),
(45, 14, 'Alaina Runolfsdottir IV', 'Quia sequi molestiae optio voluptatem. Sit voluptatem error minima animi. Aperiam provident voluptas officiis accusantium est. Mollitia minima voluptatibus fuga et. Hic minus dicta voluptatibus.', 1, '2018-10-22 01:32:29', '2018-10-22 01:32:29'),
(46, 40, 'Mrs. Tessie Schultz PhD', 'Nam quod omnis sit. Eaque omnis consectetur dolorum et animi libero mollitia. Officia neque quae omnis laboriosam ex. Enim eum est pariatur eius qui ad.', 4, '2018-10-22 01:32:29', '2018-10-22 01:32:29'),
(47, 44, 'Wilbert Ebert', 'Quibusdam repellendus qui nostrum iure voluptates blanditiis autem. Mollitia autem blanditiis soluta nemo accusamus. Velit accusamus nihil vel laborum et ratione. Quidem quidem adipisci impedit dolores libero sint. Explicabo consequatur est labore vel rem nostrum.', 0, '2018-10-22 01:32:29', '2018-10-22 01:32:29'),
(48, 13, 'Prof. Houston Mohr', 'Nihil culpa qui vitae rerum quia eum voluptas molestias. Ipsa dolore tempore nihil voluptatum. Nam architecto minus illum excepturi. Beatae molestiae expedita facere occaecati beatae.', 1, '2018-10-22 01:32:29', '2018-10-22 01:32:29'),
(49, 29, 'Prof. Esperanza Hermann', 'Quis vitae quisquam dolores. Dolorem nostrum qui quos. Harum officiis rerum magnam dolor. Eveniet illo odio iste aut aut totam autem.', 4, '2018-10-22 01:32:29', '2018-10-22 01:32:29'),
(50, 16, 'Dr. Kobe Spinka', 'Quia dolorum temporibus rerum amet. Expedita blanditiis repudiandae dolores repellendus in aut. Velit et dolores est ratione.', 0, '2018-10-22 01:32:29', '2018-10-22 01:32:29'),
(51, 49, 'Salma Labadie', 'Minima vel itaque velit fugiat maxime aut non ipsam. Pariatur voluptas quaerat illum aspernatur.', 0, '2018-10-22 01:32:29', '2018-10-22 01:32:29'),
(52, 22, 'Destiny Buckridge', 'Saepe et consequatur et animi velit voluptatibus consequatur. Est soluta tenetur vel dolores.', 4, '2018-10-22 01:32:29', '2018-10-22 01:32:29'),
(53, 37, 'Michel Rohan', 'Deserunt et voluptatem quam incidunt nam. Tempore maxime est sunt blanditiis.', 4, '2018-10-22 01:32:29', '2018-10-22 01:32:29'),
(54, 48, 'Mrs. Etha Robel DVM', 'Qui minus est ut. Accusamus atque quaerat dolores. Est error ut cupiditate sint quas inventore ratione.', 3, '2018-10-22 01:32:29', '2018-10-22 01:32:29'),
(55, 14, 'Ivah Nitzsche', 'Esse est perferendis exercitationem sint recusandae. Deleniti rerum et exercitationem repellendus illo ut quidem. Enim explicabo quia aut vel rerum sint est. Aperiam assumenda autem architecto aut dolores fuga.', 2, '2018-10-22 01:32:29', '2018-10-22 01:32:29'),
(56, 35, 'Ali McClure', 'Illum ut ipsum rerum. Cumque voluptatum quaerat repellendus eos neque tenetur deserunt harum. Repellendus sunt impedit quia fugit. Autem expedita explicabo mollitia possimus quas quia sequi dicta.', 1, '2018-10-22 01:32:29', '2018-10-22 01:32:29'),
(57, 39, 'Muriel Schneider', 'Sed veritatis et dolores distinctio eaque magni et. Autem neque velit autem maxime tempore. Nostrum quis ipsa est doloribus ad. Quidem doloribus qui error ullam.', 5, '2018-10-22 01:32:29', '2018-10-22 01:32:29'),
(58, 46, 'Jarrett Oberbrunner MD', 'Aut omnis omnis incidunt natus modi delectus. Modi laudantium aliquid in et. Consequatur perspiciatis est vero est.', 4, '2018-10-22 01:32:29', '2018-10-22 01:32:29'),
(59, 8, 'Freeda Lynch', 'Dicta sapiente quo sequi sapiente impedit dignissimos. Eos minus ipsum saepe aut. Nam dicta vel molestiae eos. Quam ex labore harum eaque dolor.', 1, '2018-10-22 01:32:29', '2018-10-22 01:32:29'),
(60, 33, 'Miss Antonina Bergstrom IV', 'Fuga architecto velit quidem aut odit et asperiores. Ullam error vel perspiciatis voluptatem reprehenderit illum provident est. In ut itaque aut. Error at asperiores qui consequatur fugiat.', 5, '2018-10-22 01:32:29', '2018-10-22 01:32:29'),
(61, 46, 'Jackie Russel', 'Doloremque sunt libero aut omnis aut. Voluptatibus dolorum quia suscipit maiores. Quis eius corrupti voluptas ut repudiandae sit.', 0, '2018-10-22 01:32:29', '2018-10-22 01:32:29'),
(62, 39, 'Marisa Rice', 'Voluptatem necessitatibus non eum nesciunt. Quaerat consequatur doloremque et sed non. Consequuntur voluptate aliquid qui voluptates exercitationem qui tempore iusto.', 3, '2018-10-22 01:32:29', '2018-10-22 01:32:29'),
(63, 16, 'Zion Bartell', 'Nisi aut explicabo eaque aut laborum blanditiis optio. Libero ut dolores eum odio occaecati ipsam hic. Quibusdam provident architecto similique sed libero incidunt.', 5, '2018-10-22 01:32:30', '2018-10-22 01:32:30'),
(64, 26, 'Ms. Sharon Reichert', 'Id perspiciatis eveniet voluptates occaecati. Sed aut molestiae voluptatibus aspernatur. Libero amet beatae reiciendis distinctio. Quo repellat ut consequatur laudantium.', 5, '2018-10-22 01:32:30', '2018-10-22 01:32:30'),
(65, 19, 'Mrs. Andreanne Schumm', 'Fugit qui ratione quod hic eos. Ea pariatur ut quos asperiores unde ad. Quia fugit et vero doloribus. Quia dolor praesentium sit ut perspiciatis placeat vel.', 4, '2018-10-22 01:32:30', '2018-10-22 01:32:30'),
(66, 26, 'Marcelle Kreiger', 'Nobis rerum omnis ratione eum consequuntur vero atque. Voluptates iste sequi eum consequatur. Culpa quia accusantium tempore numquam et.', 0, '2018-10-22 01:32:30', '2018-10-22 01:32:30'),
(67, 13, 'Ericka Streich', 'Voluptatum quos at eos repudiandae. Aperiam iusto rem voluptas cumque praesentium expedita laborum quis. Enim maxime quia voluptatum accusamus.', 2, '2018-10-22 01:32:30', '2018-10-22 01:32:30'),
(68, 17, 'Samir Oberbrunner', 'Omnis et ullam nihil eum. Blanditiis aut porro velit et odio doloribus. Voluptates vel voluptatum ut omnis. Dignissimos excepturi assumenda et rerum odio possimus.', 0, '2018-10-22 01:32:30', '2018-10-22 01:32:30'),
(69, 47, 'Mr. Jake Rice', 'Excepturi enim amet magni maxime dolor voluptate. Veritatis veritatis dolor qui iste. Quis reprehenderit necessitatibus ea dolor voluptatem explicabo.', 5, '2018-10-22 01:32:30', '2018-10-22 01:32:30'),
(70, 26, 'Prof. Gonzalo Barton', 'Doloremque eum quia maxime et deserunt. Iusto esse et esse quis. Non hic voluptatem magnam provident.', 5, '2018-10-22 01:32:30', '2018-10-22 01:32:30'),
(71, 18, 'Jaquelin Ledner', 'At suscipit ipsa ad qui ut ad nam aut. Modi rem facilis sed animi et expedita enim. Expedita impedit doloremque voluptas quidem. Non eveniet error nisi iste.', 3, '2018-10-22 01:32:30', '2018-10-22 01:32:30'),
(72, 23, 'Demarco Cole IV', 'Et veritatis sed modi occaecati minus id. Et libero dolor tempore sed aut repellendus. Tempora suscipit possimus aut et. Quasi in rem quo soluta dolorem.', 2, '2018-10-22 01:32:30', '2018-10-22 01:32:30'),
(73, 32, 'Holden Sipes II', 'Error cumque sunt magnam cupiditate. Beatae laudantium sunt ut voluptate et. Voluptate nihil fugit veniam harum sed voluptas.', 1, '2018-10-22 01:32:30', '2018-10-22 01:32:30'),
(74, 26, 'Charlotte Stanton', 'Quod rerum temporibus error fugiat aut et omnis. Fugit modi esse illo ut. Explicabo harum quos maxime sint cupiditate. Perferendis dolores nemo atque numquam.', 2, '2018-10-22 01:32:30', '2018-10-22 01:32:30'),
(75, 31, 'Lulu Boehm', 'Culpa fugit quaerat ut modi corporis. Id quae dolores earum voluptatibus dolorem error. Dolorum reiciendis non debitis voluptates.', 0, '2018-10-22 01:32:30', '2018-10-22 01:32:30'),
(76, 49, 'Favian Kohler', 'Dolores porro iste repellendus. Qui porro odit vel omnis. Est repellat aut ex molestiae et. Aut fuga aspernatur ullam harum sequi cum.', 2, '2018-10-22 01:32:30', '2018-10-22 01:32:30'),
(77, 47, 'Jimmy Dare', 'Voluptatem dolore eos et incidunt est. Qui repudiandae commodi explicabo voluptatem nesciunt illum. Dolore qui ut voluptas quas. Enim rerum deserunt doloribus nemo. Aut dolorem perspiciatis molestiae id repellat.', 0, '2018-10-22 01:32:30', '2018-10-22 01:32:30'),
(78, 24, 'Crystal Dooley', 'Quia a minima autem. Id et consequuntur excepturi eveniet quas adipisci. Aspernatur aut quia ad quidem eos. Velit maiores sunt et voluptatem aut quis explicabo.', 0, '2018-10-22 01:32:30', '2018-10-22 01:32:30'),
(79, 43, 'Hilario Huel', 'Perferendis ea iusto ipsum laudantium accusantium. Explicabo nostrum animi nihil. Vel dolor ex fugiat sit quis. Exercitationem rem aliquam quidem rem est culpa eligendi.', 0, '2018-10-22 01:32:30', '2018-10-22 01:32:30'),
(80, 30, 'Reggie Simonis', 'Debitis autem voluptas et et. Nulla quasi debitis corporis exercitationem ab. Eligendi rerum facilis consectetur ullam. Quis neque rerum fugit ab et.', 4, '2018-10-22 01:32:30', '2018-10-22 01:32:30'),
(81, 19, 'Lexi Bosco', 'Id enim in et nihil autem quo voluptatem. Eius dolore quod tempore in in aperiam ea. Odit autem quis aut nihil animi consequuntur laborum.', 1, '2018-10-22 01:32:30', '2018-10-22 01:32:30'),
(82, 21, 'Skyla Robel', 'Ducimus consequatur reiciendis sapiente dolorum sapiente dicta dolor voluptatum. Natus praesentium et sapiente illo ut. Libero natus dolorum et quae. Delectus qui harum quisquam qui magnam perspiciatis.', 0, '2018-10-22 01:32:30', '2018-10-22 01:32:30'),
(83, 10, 'Lela Turner', 'Enim sunt alias aliquam velit. Unde a velit velit exercitationem provident.', 5, '2018-10-22 01:32:30', '2018-10-22 01:32:30'),
(84, 26, 'Brandi Kemmer', 'Maxime animi veritatis autem quis nihil. Non sed animi officia eveniet omnis sapiente.', 0, '2018-10-22 01:32:30', '2018-10-22 01:32:30'),
(85, 26, 'Yvette Boyle', 'Possimus quasi officia reprehenderit. Voluptatem quia in voluptatibus fugit. Libero delectus et totam ut et nostrum et deserunt.', 5, '2018-10-22 01:32:30', '2018-10-22 01:32:30'),
(86, 35, 'Coby Luettgen', 'Blanditiis asperiores eius est. Laborum voluptatem sunt odit ullam qui provident. Omnis modi dolorem animi ea est.', 4, '2018-10-22 01:32:30', '2018-10-22 01:32:30'),
(87, 36, 'Prof. Nicklaus Hudson PhD', 'Voluptates sed maxime aut alias adipisci aut dignissimos. Repellendus assumenda veniam rerum tenetur nam nemo ad. Non qui et consectetur illo.', 2, '2018-10-22 01:32:30', '2018-10-22 01:32:30'),
(88, 49, 'Skyla Rutherford', 'Reprehenderit corrupti explicabo corporis sed omnis deserunt. Ut animi deserunt pariatur aut quisquam. Dignissimos qui et nemo temporibus ipsa delectus. Error beatae quaerat voluptas ipsa.', 1, '2018-10-22 01:32:30', '2018-10-22 01:32:30'),
(89, 3, 'Maci Collier', 'Voluptas est cupiditate sed nisi. Velit odit architecto nostrum. Cum consequatur dolores non cum est cupiditate laudantium.', 5, '2018-10-22 01:32:30', '2018-10-22 01:32:30'),
(90, 30, 'Prof. Jacquelyn O\'Keefe DVM', 'Quia cumque sit a quia blanditiis consequuntur. Non mollitia animi eligendi quos earum velit. Cum nihil blanditiis qui qui.', 1, '2018-10-22 01:32:30', '2018-10-22 01:32:30'),
(91, 37, 'Holly Goyette', 'Provident consectetur earum praesentium. Non beatae rem voluptatum aut. Mollitia est voluptatem qui in error. Et dicta et architecto quia itaque et voluptatem.', 2, '2018-10-22 01:32:30', '2018-10-22 01:32:30'),
(92, 36, 'Flossie Larkin', 'Tempore velit dolorem iste voluptatem. Rerum aliquam repellat iure tenetur quo sit amet. Eum autem quia veritatis omnis eveniet expedita soluta quo.', 3, '2018-10-22 01:32:30', '2018-10-22 01:32:30'),
(93, 3, 'Efrain Zulauf', 'Optio quia hic at commodi est possimus. Asperiores ea et rerum natus odit vel et et. Quis voluptatibus omnis quasi optio. Et id labore velit doloremque omnis beatae. In labore omnis sapiente quod et accusamus.', 0, '2018-10-22 01:32:30', '2018-10-22 01:32:30'),
(94, 36, 'Osbaldo O\'Kon', 'Accusamus et dolores praesentium pariatur maiores. Fuga autem corporis voluptatem voluptate omnis dolor. Nulla sed explicabo alias quam. Sit eum alias nihil et.', 3, '2018-10-22 01:32:30', '2018-10-22 01:32:30'),
(95, 25, 'Patricia Kub V', 'Numquam perspiciatis id alias ratione qui. Soluta quibusdam ut delectus magnam dolore repellat. Dolor eius ab velit ullam.', 0, '2018-10-22 01:32:30', '2018-10-22 01:32:30'),
(96, 48, 'Ms. Noelia Kirlin V', 'Qui sed sit suscipit nulla eos a perferendis dolorum. Minus sint laboriosam saepe ea tempore. Mollitia provident adipisci quod.', 5, '2018-10-22 01:32:30', '2018-10-22 01:32:30'),
(97, 31, 'Ms. Audie Lubowitz', 'Neque rerum itaque non praesentium nesciunt. Velit dolor esse fuga quia aliquam laboriosam aliquid laudantium. Tenetur ducimus voluptatibus totam dolorem.', 4, '2018-10-22 01:32:30', '2018-10-22 01:32:30'),
(98, 14, 'Edwardo Weissnat', 'Minima molestiae voluptatibus ut culpa consectetur vel aut. Et minima voluptatum ad ut. Atque dolorem rem rerum culpa eos molestiae. Enim fugiat eum quo et alias similique.', 2, '2018-10-22 01:32:30', '2018-10-22 01:32:30'),
(99, 1, 'Anabelle Kohler', 'Numquam deserunt et quia atque at sapiente rerum. Tempora consequatur vero aut cum voluptas.', 4, '2018-10-22 01:32:30', '2018-10-22 01:32:30'),
(100, 12, 'Ransom Stamm MD', 'Laboriosam eum nostrum hic est laboriosam odio dolor. Mollitia adipisci nostrum exercitationem maiores. Ut voluptas corporis assumenda. Neque qui qui cumque beatae nobis non. Dignissimos eveniet voluptatum ut perspiciatis quasi.', 0, '2018-10-22 01:32:30', '2018-10-22 01:32:30'),
(101, 41, 'Luisa Sanford', 'Vitae maxime voluptatibus sit cum. Laudantium cupiditate et asperiores incidunt veniam consequatur. Et repudiandae quis explicabo necessitatibus.', 0, '2018-10-22 01:32:30', '2018-10-22 01:32:30'),
(102, 48, 'Tressa Shanahan III', 'Excepturi excepturi aut consequatur tempora mollitia et. Vel eos dicta corrupti voluptatum sed maiores recusandae. Doloremque molestiae veniam sequi.', 3, '2018-10-22 01:32:30', '2018-10-22 01:32:30'),
(103, 15, 'Paula Wintheiser', 'Expedita animi praesentium et sequi in aut aliquid aut. Nobis quibusdam minus ea necessitatibus aut. Omnis eos nihil numquam eos non quia blanditiis.', 1, '2018-10-22 01:32:30', '2018-10-22 01:32:30'),
(104, 41, 'Kian Pfannerstill', 'Ducimus ex earum iure enim similique. At quod quia omnis. Et debitis esse qui ipsam aut quod quae sint. In ut minus animi alias.', 2, '2018-10-22 01:32:30', '2018-10-22 01:32:30'),
(105, 34, 'Miss Vincenza Heller', 'Consequuntur atque molestiae alias. Officiis id placeat quia magnam officiis. Incidunt in dolor quae odit pariatur quaerat voluptatem.', 1, '2018-10-22 01:32:30', '2018-10-22 01:32:30'),
(106, 48, 'Prof. Eino Hirthe DVM', 'Quae sint sed facere velit ratione omnis. Error illo delectus et perferendis nisi tempore. Non quibusdam blanditiis magnam accusamus.', 5, '2018-10-22 01:32:30', '2018-10-22 01:32:30'),
(107, 7, 'Mrs. Adrianna Crist Sr.', 'Voluptatum ea sed eum eius. Mollitia labore modi nemo. Quod repellat ut a repellendus.', 0, '2018-10-22 01:32:30', '2018-10-22 01:32:30'),
(108, 40, 'Amelia Bogisich', 'Iure voluptate nemo maiores nihil. Autem et cumque quia vero rem. Quo expedita ut officia officia suscipit voluptas.', 2, '2018-10-22 01:32:30', '2018-10-22 01:32:30'),
(109, 44, 'Berniece Okuneva V', 'Eum nobis omnis sed dolorem assumenda inventore. Voluptatum perferendis nobis error aut accusantium suscipit soluta. Aut qui dolorem dolorem sit incidunt recusandae est.', 1, '2018-10-22 01:32:30', '2018-10-22 01:32:30'),
(110, 39, 'Hildegard Kertzmann', 'Maiores et expedita nemo et ut quas. Dolorem illum et perspiciatis quis suscipit. Facilis in natus sint est blanditiis atque cupiditate.', 5, '2018-10-22 01:32:30', '2018-10-22 01:32:30'),
(111, 6, 'Vidal Robel PhD', 'Adipisci impedit ipsam tempore dolorum neque. Sit qui voluptatem ipsa facilis dignissimos reprehenderit quo. Qui eligendi aut repudiandae qui aut eaque.', 4, '2018-10-22 01:32:30', '2018-10-22 01:32:30'),
(112, 48, 'Bernard Roberts', 'Voluptas ex eos quis esse. Amet non dolor blanditiis magnam consequatur voluptatem et. Unde ut excepturi at labore debitis eos est.', 4, '2018-10-22 01:32:30', '2018-10-22 01:32:30'),
(113, 40, 'Joannie Marks', 'Eum deleniti et tempore. Tempora nihil nobis ipsa necessitatibus consequatur reprehenderit. Totam ut voluptatum dignissimos.', 0, '2018-10-22 01:32:30', '2018-10-22 01:32:30'),
(114, 43, 'Vance Corwin', 'Molestias voluptate consequatur recusandae reiciendis eius dolor rerum. Iste sed saepe dolore voluptas.', 2, '2018-10-22 01:32:30', '2018-10-22 01:32:30'),
(115, 44, 'Kaylah Glover', 'Ipsum ut libero tempora quia dolor consequatur ut. Pariatur ut et omnis ut cupiditate. Sed officiis iure assumenda hic.', 5, '2018-10-22 01:32:30', '2018-10-22 01:32:30'),
(116, 8, 'Layla Lubowitz', 'Quia quam iste nemo unde consequatur vero illo. Dignissimos et eveniet ducimus ex voluptatem dolorum tempore. Impedit voluptatem tempore iusto sed.', 2, '2018-10-22 01:32:30', '2018-10-22 01:32:30'),
(117, 17, 'Dr. Cordelia Reinger Sr.', 'Consectetur ipsum aliquam voluptate voluptatibus. Molestias nisi sit qui voluptatibus aliquid quo earum. Saepe est sit iusto odit deserunt. Tenetur facere et totam aut non inventore quo.', 0, '2018-10-22 01:32:30', '2018-10-22 01:32:30'),
(118, 13, 'Dana Block', 'Quia veritatis nesciunt veniam voluptatibus ipsam dolor. Animi impedit nostrum voluptas non blanditiis officiis occaecati. Assumenda odio distinctio et.', 3, '2018-10-22 01:32:30', '2018-10-22 01:32:30'),
(119, 24, 'Pansy O\'Connell', 'Aut quia hic ad dicta. Pariatur illum ipsam consequatur mollitia sunt ipsam. Beatae quo sed voluptates voluptatem laudantium.', 1, '2018-10-22 01:32:30', '2018-10-22 01:32:30'),
(120, 13, 'Theodora Kerluke', 'Saepe provident totam dolore tempora eum ea est. Dolorem sunt sit est perspiciatis magnam consequatur ex. Qui fuga mollitia ut omnis placeat.', 3, '2018-10-22 01:32:30', '2018-10-22 01:32:30'),
(121, 6, 'Prof. Maurine Larson Sr.', 'Et enim necessitatibus quo aut et. Quasi ipsa quis vel voluptatem modi. Eum aliquid eos unde non necessitatibus. Eum cupiditate reprehenderit eum quod blanditiis.', 0, '2018-10-22 01:32:30', '2018-10-22 01:32:30'),
(122, 48, 'Percy Jerde', 'Nostrum accusantium reiciendis alias. Accusamus magni reprehenderit ipsum incidunt. Minus sunt pariatur atque consequuntur quia eos ratione.', 0, '2018-10-22 01:32:30', '2018-10-22 01:32:30'),
(123, 11, 'Jettie Christiansen', 'Fuga et quos pariatur ea ut qui earum ipsam. Doloribus possimus incidunt blanditiis esse vel sequi dicta. Delectus aut quo repellat quidem velit occaecati enim.', 3, '2018-10-22 01:32:30', '2018-10-22 01:32:30'),
(124, 24, 'Tina Kirlin', 'Quia sint tempore eos optio sint. Consectetur earum corrupti dolore minus et. Voluptates quis ut est tenetur. Architecto harum non qui. Quos consequatur ut rerum dolor.', 5, '2018-10-22 01:32:30', '2018-10-22 01:32:30'),
(125, 27, 'Mr. Lazaro Rohan', 'Aspernatur voluptatum numquam quia consectetur doloribus quia fugiat odio. Dicta quam rem tempora optio maxime. Non sapiente incidunt sed quas quia sit. Perspiciatis voluptatem velit quam molestias eos veritatis repudiandae.', 4, '2018-10-22 01:32:30', '2018-10-22 01:32:30'),
(126, 15, 'Megane Walker', 'Tenetur natus accusantium temporibus rerum dolores dolores. Voluptatem sed qui omnis blanditiis vitae id iure. Quaerat id sint officia ea et rerum. Nobis quia earum eaque recusandae.', 2, '2018-10-22 01:32:30', '2018-10-22 01:32:30'),
(127, 34, 'Lilliana McLaughlin', 'Consectetur possimus quo minus suscipit dicta recusandae. Qui ex sapiente animi laborum soluta nesciunt et consequuntur. Tenetur porro aperiam non qui vel ipsa repellendus. Voluptatibus culpa deserunt reiciendis neque ipsum.', 0, '2018-10-22 01:32:30', '2018-10-22 01:32:30'),
(128, 3, 'Ms. Karli Schowalter', 'Aliquid quam quisquam est cumque. Voluptates quas vel deserunt sed. Libero magnam aspernatur laboriosam aut. Quo est magnam at et suscipit.', 0, '2018-10-22 01:32:30', '2018-10-22 01:32:30'),
(129, 34, 'Ms. Piper Cormier', 'Quia deserunt aut voluptas maiores eveniet error facilis. Tempora et qui odit doloremque sunt sequi. Ut cum tempora et quasi exercitationem aut. Tenetur voluptas delectus cupiditate voluptatem sunt voluptate beatae.', 2, '2018-10-22 01:32:30', '2018-10-22 01:32:30'),
(130, 41, 'Mariana Jacobi DVM', 'Aut repellat in quia nulla eos. Distinctio officia consequatur magnam eos dolore dolor delectus. Quidem amet repellendus quis sit.', 0, '2018-10-22 01:32:30', '2018-10-22 01:32:30'),
(131, 22, 'Dr. Ellis Bauch I', 'Iusto maiores possimus et ut. Eum aut ducimus iusto consectetur hic facilis voluptate. Voluptatem omnis sint totam fuga laudantium qui. Omnis id iste voluptas fuga. Repudiandae porro repellendus similique commodi dolor qui.', 1, '2018-10-22 01:32:30', '2018-10-22 01:32:30'),
(132, 27, 'Beverly Daugherty PhD', 'Nihil dolor impedit totam officiis. Enim voluptatem dolorum ipsa quos sunt assumenda. Adipisci facilis numquam quo a impedit ullam voluptas dolorum.', 4, '2018-10-22 01:32:30', '2018-10-22 01:32:30'),
(133, 16, 'Estrella Leffler', 'Quia facilis quisquam et voluptatibus excepturi dolores et. Aliquam similique quia aut sunt. Sint fuga assumenda et est cupiditate sit aut.', 0, '2018-10-22 01:32:30', '2018-10-22 01:32:30'),
(134, 46, 'Alexis Hudson', 'Natus qui dolorem minus fuga iusto enim aut neque. Molestiae omnis minima totam neque. Et eaque provident quo.', 2, '2018-10-22 01:32:30', '2018-10-22 01:32:30'),
(135, 15, 'Sigurd Walter', 'Quam iste non alias porro. A veritatis et ut praesentium. Debitis tempore omnis qui reiciendis.', 2, '2018-10-22 01:32:30', '2018-10-22 01:32:30'),
(136, 8, 'Mrs. Kitty Windler', 'Sint saepe exercitationem ex aspernatur. Nam reiciendis aut explicabo laboriosam voluptas nisi.', 3, '2018-10-22 01:32:30', '2018-10-22 01:32:30'),
(137, 5, 'Abelardo Boehm', 'Quidem in dolorem non ullam id. Quo aut qui sit quidem iusto.', 4, '2018-10-22 01:32:30', '2018-10-22 01:32:30'),
(138, 7, 'Holly Larson', 'At sit aut voluptatem aut suscipit nostrum a tenetur. Impedit unde quidem et distinctio similique alias. Quia non voluptas sunt voluptatem.', 2, '2018-10-22 01:32:30', '2018-10-22 01:32:30'),
(139, 1, 'Sylvan Daugherty', 'Molestias voluptatem nihil officiis placeat odio eligendi aut. Nisi aut libero ut laborum ut voluptate. Quia ipsam blanditiis eius non laborum in autem. Animi earum recusandae ratione aut.', 4, '2018-10-22 01:32:30', '2018-10-22 01:32:30'),
(140, 13, 'Jarod Ziemann', 'Ipsa iusto expedita odit fugit explicabo ut quae. Enim aut quo qui qui aut. Quis debitis neque eius amet ducimus et. Totam omnis omnis sit quam suscipit earum. Accusantium nesciunt totam et quasi autem.', 2, '2018-10-22 01:32:30', '2018-10-22 01:32:30'),
(141, 13, 'Maurice Schoen', 'In consequuntur ducimus temporibus architecto accusamus quia iusto. Ullam aperiam odit ea et nesciunt molestiae magnam expedita. Temporibus laudantium ut corporis ab quod sunt omnis.', 5, '2018-10-22 01:32:31', '2018-10-22 01:32:31'),
(142, 5, 'Bailey Schimmel Jr.', 'Reiciendis excepturi exercitationem omnis at. Occaecati et a recusandae. Quia id voluptas eum rerum eum quo. Rerum sit autem sequi est deleniti quos libero.', 3, '2018-10-22 01:32:31', '2018-10-22 01:32:31'),
(143, 2, 'Prof. Lois Romaguera DDS', 'Doloribus ullam exercitationem molestias eligendi accusamus culpa neque. Aliquam est enim quo magnam. Ab non nobis nulla similique eum quis cupiditate dolores.', 0, '2018-10-22 01:32:31', '2018-10-22 01:32:31'),
(144, 12, 'Carey Hyatt I', 'Tenetur ex sed aut omnis. Dolorem ipsa qui temporibus magni dignissimos ipsa ipsa eum. Id ut dolores nisi pariatur.', 2, '2018-10-22 01:32:31', '2018-10-22 01:32:31'),
(145, 2, 'Noelia Ledner', 'Eos iusto neque eligendi placeat cumque qui natus. Facere veritatis reiciendis commodi quia dolorem deserunt. Ut dolorem unde veniam fugit quasi voluptas.', 0, '2018-10-22 01:32:31', '2018-10-22 01:32:31'),
(146, 47, 'Shaina Considine', 'Quia sed quam sunt molestiae consequatur nesciunt architecto. Ut temporibus delectus impedit tenetur esse. Ratione et in ex. Est quam rem porro alias eaque explicabo et laudantium.', 4, '2018-10-22 01:32:31', '2018-10-22 01:32:31'),
(147, 23, 'Gudrun Tillman', 'Nam quia assumenda vero et. Reprehenderit deleniti voluptatem eum incidunt. Facere non numquam tenetur aut et vitae omnis quae.', 3, '2018-10-22 01:32:31', '2018-10-22 01:32:31'),
(148, 50, 'Albertha Gutkowski', 'Aut fuga qui maxime occaecati quibusdam. Dolore pariatur occaecati alias saepe. Est sunt fuga ullam rem velit rerum distinctio deserunt. Itaque voluptatum adipisci architecto doloribus.', 1, '2018-10-22 01:32:31', '2018-10-22 01:32:31'),
(149, 19, 'Chelsea Boyer IV', 'Ex commodi quis quas veritatis reprehenderit fugit. Architecto excepturi officiis ut magni quia est. Qui eligendi beatae quod doloremque. Quo et enim quo harum.', 5, '2018-10-22 01:32:31', '2018-10-22 01:32:31'),
(150, 10, 'Verner Buckridge', 'A autem quibusdam eos eos iure a. Quaerat ducimus quo est voluptas. Veniam doloremque saepe molestiae unde. Ut ab sed pariatur vitae ex illo.', 2, '2018-10-22 01:32:31', '2018-10-22 01:32:31'),
(151, 46, 'Miss Elnora Gulgowski IV', 'Quae quisquam at consectetur voluptas. Sit aut est non dignissimos distinctio porro. Suscipit doloribus minima enim vitae qui.', 5, '2018-10-22 01:32:31', '2018-10-22 01:32:31'),
(152, 1, 'Brody Ortiz', 'Aut ut culpa sunt non eum consequuntur corrupti. Cupiditate occaecati temporibus illo illo deserunt. Dolorum aperiam nam aut pariatur sit. Est provident ut ut nemo.', 3, '2018-10-22 01:32:31', '2018-10-22 01:32:31'),
(153, 46, 'Miss Madelynn Reynolds V', 'Provident est qui consequuntur laborum. Voluptatem distinctio est adipisci quidem mollitia quos. Culpa sed quasi et qui quia temporibus eaque. Ea accusantium exercitationem perspiciatis voluptatem autem vel.', 0, '2018-10-22 01:32:31', '2018-10-22 01:32:31'),
(154, 6, 'Benjamin Daugherty', 'Et quis consequatur qui et doloribus maiores. Voluptatibus quia numquam nam et vel adipisci quasi. Qui voluptatem deserunt quia aperiam voluptas.', 0, '2018-10-22 01:32:31', '2018-10-22 01:32:31'),
(155, 30, 'Miss Kiarra Keebler', 'Vero molestiae omnis alias et consequuntur. Placeat vel omnis id.', 0, '2018-10-22 01:32:31', '2018-10-22 01:32:31'),
(156, 21, 'Vena Kris', 'Sint sed sit dolor iusto. Et ut aspernatur molestias quod quia. Est illo omnis autem neque maiores.', 4, '2018-10-22 01:32:31', '2018-10-22 01:32:31'),
(157, 37, 'Prof. Zoila Hudson DDS', 'Fuga corporis et odio beatae. Corporis ab dolorem non aut. Vel ut dicta iusto aliquid tempora ut maxime. Maiores vero consequuntur atque sequi assumenda. Eaque consequatur sint vel voluptas possimus vel.', 4, '2018-10-22 01:32:31', '2018-10-22 01:32:31'),
(158, 49, 'Raegan Gerlach', 'Odit illo qui et debitis dignissimos ut quia. Vel natus beatae dolorem ut qui id. Tempore delectus quos ut et. Delectus assumenda quisquam cumque voluptatibus dicta velit ducimus.', 4, '2018-10-22 01:32:31', '2018-10-22 01:32:31'),
(159, 27, 'Tillman Fadel', 'Odio tempora molestiae totam commodi dolor. Perspiciatis sapiente laborum sequi velit ut praesentium error ut. Ut cumque animi nihil soluta voluptatum ea.', 1, '2018-10-22 01:32:31', '2018-10-22 01:32:31'),
(160, 34, 'Miss Dandre Rippin', 'Incidunt non nihil in dolorum rem ut ex. Itaque fugiat ipsa veniam illo mollitia suscipit.', 0, '2018-10-22 01:32:31', '2018-10-22 01:32:31'),
(161, 39, 'Chesley Armstrong', 'Quis praesentium maxime nulla sint deserunt eos. Voluptas fuga sed occaecati non ut. Id cupiditate inventore eum aliquam sunt.', 2, '2018-10-22 01:32:31', '2018-10-22 01:32:31'),
(162, 16, 'Lonie Witting DDS', 'Quia sint est dolorem illum. Dolor fugiat distinctio et cum voluptatem architecto. Necessitatibus id adipisci consequuntur reiciendis.', 0, '2018-10-22 01:32:31', '2018-10-22 01:32:31'),
(163, 25, 'Carolanne Stamm', 'Quidem rerum autem incidunt facere aut. Quo similique qui est aspernatur consectetur vero officia. Et id autem dolores voluptas autem earum eius. Perferendis vel iusto temporibus excepturi sunt unde corporis. Quia fugiat reiciendis natus dicta.', 2, '2018-10-22 01:32:31', '2018-10-22 01:32:31'),
(164, 28, 'Gene Hauck', 'Quis temporibus reiciendis eligendi et. Fugiat enim aut possimus ut illum veniam ipsa. Libero iusto saepe quam possimus ut aperiam.', 0, '2018-10-22 01:32:31', '2018-10-22 01:32:31'),
(165, 43, 'Jasmin Beahan', 'Possimus et explicabo nemo nam. Voluptas veniam sed itaque omnis laboriosam velit. Expedita nulla vitae dolorum vero omnis consectetur.', 3, '2018-10-22 01:32:31', '2018-10-22 01:32:31'),
(166, 25, 'Veronica Botsford', 'Sunt officiis quo cum. Ut placeat a qui quia. Molestiae est et ut dolores est non.', 1, '2018-10-22 01:32:31', '2018-10-22 01:32:31'),
(167, 16, 'Prof. Adrianna Labadie MD', 'Culpa magnam dolorem dolorum quia quam vel quos. Nobis voluptatibus sed quo quo animi in nostrum consequatur.', 4, '2018-10-22 01:32:31', '2018-10-22 01:32:31'),
(168, 50, 'Mr. Nathan Cassin', 'Non laborum quidem nam quas. Aut dignissimos esse delectus quis. Velit in repudiandae tempore possimus in mollitia illo.', 5, '2018-10-22 01:32:31', '2018-10-22 01:32:31'),
(169, 14, 'Georgiana Bechtelar', 'Commodi doloribus dolor mollitia et consequatur aut sed. Reiciendis quis autem magnam laborum reprehenderit possimus explicabo. Expedita rerum aliquid hic non voluptatem.', 0, '2018-10-22 01:32:31', '2018-10-22 01:32:31'),
(170, 47, 'Dr. Garfield Schowalter DVM', 'Voluptatem numquam eveniet dolor eum. Ab temporibus nihil voluptatem sequi dolores enim perspiciatis.', 2, '2018-10-22 01:32:31', '2018-10-22 01:32:31'),
(171, 47, 'Alysson Price', 'Nihil voluptatibus aut quibusdam provident. Voluptatem voluptas atque aut optio aut praesentium sint.', 2, '2018-10-22 01:32:31', '2018-10-22 01:32:31'),
(172, 46, 'Ms. Henriette Lehner', 'Quis nesciunt asperiores aliquid recusandae consequatur eveniet occaecati autem. Dolorem distinctio enim dolorem. Quasi voluptatibus tempore repellat harum quibusdam dignissimos animi. Assumenda consequuntur ipsam magnam mollitia. Cupiditate quia qui reiciendis iste deserunt quia qui.', 0, '2018-10-22 01:32:31', '2018-10-22 01:32:31'),
(173, 12, 'Dr. Conner Hirthe', 'Quas numquam neque aut qui quam. Ut commodi facere esse odio. Esse quos similique excepturi sint consequatur fuga sed consequatur. Aspernatur corrupti velit repellendus quia. Ut ut quidem est dolorem qui.', 3, '2018-10-22 01:32:31', '2018-10-22 01:32:31'),
(174, 41, 'Heath Kertzmann', 'Maxime quia voluptatibus vel quo sit sit eveniet. Aut quam reiciendis autem dolorem harum. Autem dolorem ipsum rerum est sunt sint non sed.', 5, '2018-10-22 01:32:31', '2018-10-22 01:32:31'),
(175, 12, 'Stuart Runolfsdottir I', 'Non qui omnis possimus numquam et ipsum dolore. Atque omnis natus est iste id laboriosam. Nostrum fuga inventore esse qui placeat dolor et. Repellat sunt voluptatibus in dolorem alias.', 4, '2018-10-22 01:32:31', '2018-10-22 01:32:31'),
(176, 13, 'Beryl Gleason', 'Ea debitis facilis aut qui. Ex soluta a sit cum neque. Quisquam nulla accusamus voluptatem quis quia assumenda quia perspiciatis. Et ipsa debitis eos amet in ea.', 4, '2018-10-22 01:32:31', '2018-10-22 01:32:31'),
(177, 18, 'Caitlyn White Sr.', 'Aut officia in porro. Non qui sit amet et. Qui earum aut reiciendis neque enim.', 4, '2018-10-22 01:32:31', '2018-10-22 01:32:31'),
(178, 38, 'Prof. Pat Gleichner', 'Sed temporibus quas voluptates magnam. Nostrum aut aliquam ut sunt aspernatur. Voluptatibus corporis qui ipsam sed ipsa fugiat. Numquam et adipisci aliquid.', 3, '2018-10-22 01:32:31', '2018-10-22 01:32:31'),
(179, 10, 'Shanon O\'Kon', 'Nihil accusantium ut dolorem molestias at. Maiores cumque nostrum error nisi suscipit et aut. Aut voluptates perferendis adipisci sed laudantium ut. Facere soluta facilis cumque.', 4, '2018-10-22 01:32:31', '2018-10-22 01:32:31'),
(180, 47, 'Dr. Cade Keebler', 'Ratione fuga deleniti architecto et. Architecto repudiandae dolor id est eius animi facilis laborum. Dolorem qui nam quod at.', 4, '2018-10-22 01:32:31', '2018-10-22 01:32:31'),
(181, 24, 'Ramiro Langosh', 'Vitae quas in et est. Molestiae esse velit inventore sit natus quidem. Repellat est fugiat natus voluptatem rerum facilis distinctio. Dolor corrupti dolorem sed id facilis.', 2, '2018-10-22 01:32:31', '2018-10-22 01:32:31'),
(182, 24, 'Mrs. Aimee Champlin IV', 'Eaque enim et iste culpa nulla. Aspernatur inventore pariatur omnis. Aspernatur necessitatibus enim aliquam voluptatem dolorem. Eaque et est et ratione. Ut veritatis vel ea delectus.', 1, '2018-10-22 01:32:31', '2018-10-22 01:32:31'),
(183, 9, 'Whitney Mohr', 'Rerum necessitatibus repellat ducimus corporis corporis quae voluptatem. Facilis rem ipsa autem. Repellat et in vero ut ut cupiditate.', 5, '2018-10-22 01:32:31', '2018-10-22 01:32:31'),
(184, 33, 'Dr. Robert Shanahan', 'Placeat occaecati repellat adipisci. Omnis in velit iure enim sit alias. Est dolores voluptatem dolorem doloremque cum.', 1, '2018-10-22 01:32:31', '2018-10-22 01:32:31'),
(185, 41, 'Allison Hirthe', 'Dolores autem blanditiis aut mollitia. Est modi quae veritatis aperiam accusamus quis. Culpa dolorem facilis autem rerum sit consequatur. Dolorem et commodi aut nemo beatae quia qui.', 2, '2018-10-22 01:32:31', '2018-10-22 01:32:31'),
(186, 31, 'Delphia Prohaska', 'Laboriosam dolores sunt a fugit sit ut. Odio est iste et tempora nisi. Quis aperiam nostrum dolores aliquid. Tempore quam expedita iure.', 5, '2018-10-22 01:32:31', '2018-10-22 01:32:31'),
(187, 30, 'Eulalia Ryan', 'Provident quisquam quia aut soluta eaque et laboriosam. Ullam quisquam rem quis sint quo. In deserunt velit totam.', 2, '2018-10-22 01:32:31', '2018-10-22 01:32:31'),
(188, 33, 'Lori Stokes', 'Perferendis eum a eum similique vero cupiditate explicabo. Sint officiis et tenetur quae eum facere et. Voluptatem totam perspiciatis dolor doloremque sit nihil quos. Quia omnis velit voluptates inventore tempora.', 4, '2018-10-22 01:32:31', '2018-10-22 01:32:31'),
(189, 21, 'Tate Friesen', 'Qui molestias quo cupiditate vitae. Alias voluptatem a at. Repellat voluptates consequatur ea explicabo consequuntur ut quia repellendus. Consequuntur quae temporibus sed itaque qui aut voluptatum.', 5, '2018-10-22 01:32:31', '2018-10-22 01:32:31'),
(190, 10, 'Damon Koss', 'Repellat ipsam commodi voluptas sit quaerat harum vel quia. Repudiandae maxime consequatur quia autem rerum illo. Veniam ducimus voluptates eius facere.', 1, '2018-10-22 01:32:31', '2018-10-22 01:32:31'),
(191, 5, 'Mitchel Hammes', 'Nam voluptates eius accusantium voluptatibus assumenda repellat tempore. Impedit veritatis ipsum repellat quidem rem ab.', 3, '2018-10-22 01:32:31', '2018-10-22 01:32:31'),
(192, 6, 'Ms. Jana Cole MD', 'Modi minima ea aperiam sunt ipsam sed. Aut tempore odit dolorum odit occaecati ea asperiores. Harum amet autem nulla quo quos voluptatem. Tempora maiores dolorem dolor sit.', 1, '2018-10-22 01:32:31', '2018-10-22 01:32:31'),
(193, 5, 'Aiden Ebert', 'Excepturi nihil et accusamus voluptas est qui. In placeat et odio omnis aut culpa. In debitis alias sed quisquam laudantium. Earum sit illo vitae id quaerat.', 0, '2018-10-22 01:32:31', '2018-10-22 01:32:31'),
(194, 34, 'Leone Legros', 'Cupiditate nihil quaerat est ex mollitia quaerat iusto quis. Dolores et aut labore ea occaecati quam distinctio. Culpa labore nostrum nesciunt quae.', 2, '2018-10-22 01:32:31', '2018-10-22 01:32:31'),
(195, 17, 'Sienna Rau', 'Exercitationem magni distinctio adipisci libero adipisci vero. Libero voluptatum ullam quam a labore aliquam nam. Sit et aut omnis laborum maxime dolore quo. Aperiam aliquid sint sit vel esse animi in.', 5, '2018-10-22 01:32:31', '2018-10-22 01:32:31'),
(196, 9, 'Dr. Keira Haley DVM', 'Itaque tempore rerum harum repellat debitis. Voluptate sed veritatis corporis ex ea unde. At dolore minus natus ducimus et. Distinctio veritatis qui est et eaque. Voluptatem dicta fugit consequuntur deleniti.', 5, '2018-10-22 01:32:31', '2018-10-22 01:32:31'),
(197, 34, 'Magnolia Shanahan', 'Omnis quia amet temporibus et odit deleniti. Voluptatibus libero qui ab magnam placeat. Inventore aspernatur incidunt deleniti voluptas sed. Eius sit neque autem adipisci error.', 3, '2018-10-22 01:32:31', '2018-10-22 01:32:31'),
(198, 1, 'Prof. Lyric Raynor', 'Non voluptates labore libero delectus voluptatum sit. Officia consequuntur reiciendis repudiandae quis molestiae sed perspiciatis nobis. Sed accusantium consequuntur ut. Ipsa numquam et repellat repellendus eum qui.', 1, '2018-10-22 01:32:31', '2018-10-22 01:32:31'),
(199, 48, 'Elisha Witting', 'Optio voluptas illo dolor voluptatem enim. Aut et in voluptas aperiam ut. Quis sunt numquam aperiam nesciunt. Ut aut mollitia suscipit ea tenetur exercitationem.', 5, '2018-10-22 01:32:31', '2018-10-22 01:32:31'),
(200, 32, 'Mrs. Emily Dibbert PhD', 'Nihil impedit et quis qui. Quis autem et amet. Qui fuga nemo eum sed eum. Adipisci incidunt quaerat quia doloribus ducimus quas repellendus.', 1, '2018-10-22 01:32:31', '2018-10-22 01:32:31'),
(201, 21, 'Ms. Mariela Bergnaum', 'Nostrum culpa dolore distinctio at aut tempore. Ex dolores officiis dicta qui exercitationem tempore non. Sit quis hic omnis sint rerum similique necessitatibus. Sapiente non vel qui temporibus doloribus ipsam. Dignissimos aut aspernatur placeat eius accusamus natus.', 3, '2018-10-22 01:32:31', '2018-10-22 01:32:31'),
(202, 29, 'Prof. Horace Lowe', 'Aut dolorem aut consequatur molestias. Placeat consequatur et sed expedita vel voluptate. Vel eos illo nesciunt magni.', 1, '2018-10-22 01:32:31', '2018-10-22 01:32:31'),
(203, 28, 'Laisha Gibson', 'Officia voluptatem ea id dolore ullam sint. Reiciendis laudantium illum laudantium aut nemo iste voluptas. Sint quam nihil sint ad doloremque vel. Eum iure facilis soluta quod praesentium quo perferendis.', 1, '2018-10-22 01:32:31', '2018-10-22 01:32:31'),
(204, 24, 'Kaycee Ward', 'Quaerat quis maiores alias unde animi aut rerum. Officiis aut hic non quia dolorem. Inventore debitis unde a aperiam voluptas. Pariatur delectus aperiam similique saepe voluptatem rerum.', 0, '2018-10-22 01:32:31', '2018-10-22 01:32:31'),
(205, 45, 'Miss Sophie Quitzon Jr.', 'Sequi rerum vel consequatur eum reiciendis vero vel. Ut distinctio aut porro numquam quo. Laborum qui animi et laboriosam in cum.', 4, '2018-10-22 01:32:31', '2018-10-22 01:32:31'),
(206, 24, 'Juana Heidenreich', 'Dolores et aliquid nostrum fuga et vero accusamus. Reiciendis reprehenderit voluptatem quidem qui odit sunt cumque. Ullam modi ab fugit.', 1, '2018-10-22 01:32:31', '2018-10-22 01:32:31'),
(207, 28, 'Julius Blick', 'At fuga id vel consequatur recusandae ut. Rerum ea laboriosam eum amet sapiente.', 2, '2018-10-22 01:32:31', '2018-10-22 01:32:31'),
(208, 7, 'Mr. Helmer Hahn MD', 'Reiciendis omnis placeat molestias ea dolor dicta cumque. Beatae officiis est pariatur quasi. Voluptates repellat et in commodi earum nobis.', 2, '2018-10-22 01:32:31', '2018-10-22 01:32:31'),
(209, 33, 'Mr. Chauncey Durgan', 'Optio ut labore laboriosam repudiandae et quo id. Ex et porro eum velit omnis et. Repudiandae et quas facilis. Blanditiis occaecati similique accusamus dolor dicta ut iure. Saepe occaecati debitis totam sint.', 3, '2018-10-22 01:32:31', '2018-10-22 01:32:31'),
(210, 18, 'Muriel Corkery', 'Maiores ipsum corrupti cupiditate est est sed occaecati. Quam cupiditate consequatur aut sint non doloremque. Nesciunt debitis quia ut iste et culpa dolore.', 1, '2018-10-22 01:32:31', '2018-10-22 01:32:31'),
(211, 12, 'Evans Upton', 'Aut et ab omnis et. Et aspernatur autem expedita nam. Quo necessitatibus illum eos perferendis tempora aperiam.', 4, '2018-10-22 01:32:31', '2018-10-22 01:32:31'),
(212, 46, 'Cristopher Jacobson', 'Non nihil beatae eos accusamus. Nostrum qui ducimus voluptate in. Reiciendis quam incidunt doloremque nisi a consequatur quasi. Totam voluptates ut deserunt voluptatem sunt et odit.', 0, '2018-10-22 01:32:31', '2018-10-22 01:32:31');
INSERT INTO `reviews` (`id`, `product_id`, `customer`, `review`, `star`, `created_at`, `updated_at`) VALUES
(213, 33, 'Carlo Keeling II', 'Minima laboriosam neque dolorem voluptatem molestiae. Aliquid praesentium beatae quos perferendis eos.', 3, '2018-10-22 01:32:31', '2018-10-22 01:32:31'),
(214, 7, 'Emely Hermann', 'Dolores exercitationem rerum ea ut voluptatem nostrum cupiditate. Repudiandae dolore dolores sint velit. Tempore qui at qui aut accusantium voluptatem. Totam quia adipisci facere totam earum.', 3, '2018-10-22 01:32:31', '2018-10-22 01:32:31'),
(215, 32, 'Bethany Schinner', 'Voluptatem quae id assumenda officiis et rem. Similique dolores veritatis dolor maiores perferendis repellendus. Dolorem ut ipsum doloremque minus et.', 5, '2018-10-22 01:32:31', '2018-10-22 01:32:31'),
(216, 48, 'Emie Schuster', 'Magnam qui autem aliquam eum deserunt. Dolor ratione rerum et et doloremque.', 5, '2018-10-22 01:32:31', '2018-10-22 01:32:31'),
(217, 41, 'Mrs. Kailyn Huel', 'Unde reprehenderit ut sit praesentium eaque. Odit voluptas et laudantium quo. Earum porro quia vero est illum totam. Delectus est saepe quis iusto vitae fugiat.', 2, '2018-10-22 01:32:31', '2018-10-22 01:32:31'),
(218, 34, 'Audreanne Jast', 'Quidem ea qui quae ipsum molestias. Ipsa soluta dolorem ea cupiditate quaerat suscipit. Iste id quos ea ab ullam dolorum. Corporis et eum commodi ab voluptas architecto. Quia animi tempora libero et.', 4, '2018-10-22 01:32:31', '2018-10-22 01:32:31'),
(219, 26, 'Dr. Shany Rice', 'Ut qui ut perferendis aut odio numquam consequuntur in. Illo voluptatem nihil eos cum. Optio fuga aut nesciunt est eveniet praesentium iste. Facilis est est error numquam aut.', 4, '2018-10-22 01:32:31', '2018-10-22 01:32:31'),
(220, 45, 'Aliza Mitchell', 'Eveniet quos nulla sit a similique neque. Sit nobis quas voluptates animi ut laudantium. Possimus repudiandae rem sint. Autem expedita id quia ut. Consequatur distinctio sint eius.', 1, '2018-10-22 01:32:31', '2018-10-22 01:32:31'),
(221, 47, 'Prof. Jett Fay IV', 'Molestiae id iste dolores cupiditate. Soluta sit sint sed laborum iusto optio. Ducimus tempora vitae deleniti soluta a.', 4, '2018-10-22 01:32:32', '2018-10-22 01:32:32'),
(222, 27, 'Ms. Nyah O\'Conner MD', 'Dolorem quae sunt consequuntur itaque. Non sunt excepturi autem voluptatem tempore voluptatem non maiores. Aut et ut magni aut ipsam.', 2, '2018-10-22 01:32:32', '2018-10-22 01:32:32'),
(223, 35, 'Mr. Russell Koepp IV', 'Praesentium fugiat nesciunt non. Perspiciatis occaecati a minima ipsum vel alias est quia. Et doloremque sequi natus pariatur omnis omnis ullam velit.', 3, '2018-10-22 01:32:32', '2018-10-22 01:32:32'),
(224, 34, 'Miss Vesta Schroeder Sr.', 'Aliquid nam sint sit qui enim. Maiores quasi deserunt repellat ut. Quibusdam ducimus beatae dolorem quae soluta. Autem sapiente dicta perspiciatis quis.', 5, '2018-10-22 01:32:32', '2018-10-22 01:32:32'),
(225, 26, 'Manuel Kunze', 'Qui quae vel ea dolorem. Ipsa voluptas vero soluta. A temporibus non veniam a itaque occaecati.', 4, '2018-10-22 01:32:32', '2018-10-22 01:32:32'),
(226, 29, 'Ibrahim Von', 'Possimus eos et non recusandae odio voluptates. Quae nihil sequi et. Enim architecto et labore pariatur.', 1, '2018-10-22 01:32:32', '2018-10-22 01:32:32'),
(227, 30, 'Ismael Herman IV', 'Nesciunt dolores ex ex harum nisi. Commodi cupiditate adipisci nobis architecto. At vitae doloremque pariatur nulla. Asperiores doloremque suscipit sapiente animi et placeat.', 5, '2018-10-22 01:32:32', '2018-10-22 01:32:32'),
(228, 23, 'Eldora Schoen', 'Est quia sed deserunt consequatur corrupti qui sint. Libero magni occaecati aperiam asperiores dolores dolorem. Consequatur dignissimos blanditiis quia consequatur dolorum.', 2, '2018-10-22 01:32:32', '2018-10-22 01:32:32'),
(229, 42, 'Sylvan DuBuque', 'Neque natus delectus modi. Modi sunt iusto cumque modi. Ullam maxime eaque rerum velit incidunt.', 1, '2018-10-22 01:32:32', '2018-10-22 01:32:32'),
(230, 37, 'Angie Jacobs', 'Eos fuga expedita atque eum voluptatibus. Perspiciatis sapiente alias accusantium est eligendi minima. Dicta corporis aliquam aut excepturi sed quisquam.', 3, '2018-10-22 01:32:32', '2018-10-22 01:32:32'),
(231, 39, 'Anissa Tillman', 'Aut in repudiandae sapiente aspernatur et. Nostrum vel quidem nihil dolor doloribus nihil aut. Quod natus cupiditate non. Nesciunt qui quia voluptas dolores. Illo ab aut officiis ut sit dolores.', 5, '2018-10-22 01:32:32', '2018-10-22 01:32:32'),
(232, 3, 'Liliane McCullough', 'Ratione dignissimos nam autem non hic saepe mollitia. Tenetur numquam aspernatur vel animi sapiente laboriosam. Enim velit quidem earum omnis et. Architecto ea atque impedit nisi quae nesciunt possimus occaecati.', 1, '2018-10-22 01:32:32', '2018-10-22 01:32:32'),
(233, 5, 'Dr. Jamir Howe II', 'Rerum ipsam facilis explicabo at est est. Iusto aut nobis cumque nisi excepturi harum rerum. Ut necessitatibus minima consectetur veniam qui nostrum. Animi ut nam ut maiores pariatur voluptas.', 0, '2018-10-22 01:32:32', '2018-10-22 01:32:32'),
(234, 12, 'Mr. Garrett Herzog', 'Corrupti suscipit similique aut hic occaecati possimus. Ipsam nihil veritatis laboriosam animi.', 1, '2018-10-22 01:32:32', '2018-10-22 01:32:32'),
(235, 49, 'Prof. Ansley Murazik Jr.', 'Ipsam quia molestiae laborum maxime. Rem possimus asperiores quo quidem. Iure illo ut dolor culpa eveniet molestias.', 0, '2018-10-22 01:32:32', '2018-10-22 01:32:32'),
(236, 27, 'Molly Rosenbaum', 'Aut aperiam ab dolorum. Voluptatem a ullam voluptatem et in. Qui accusantium beatae fugit fuga delectus sit.', 3, '2018-10-22 01:32:32', '2018-10-22 01:32:32'),
(237, 50, 'Noemy Emmerich', 'At dolorem minima ipsum quas. Enim sint doloribus quo tempore quisquam qui animi. Quae dolorum laboriosam facilis et consequatur sunt hic.', 0, '2018-10-22 01:32:32', '2018-10-22 01:32:32'),
(238, 10, 'Mayra Heller', 'Exercitationem illum magnam ipsum inventore fugit itaque amet. Iste voluptas officia ullam omnis quia architecto temporibus. Sed ut omnis est et libero. Illum esse fugiat qui ipsam similique.', 3, '2018-10-22 01:32:32', '2018-10-22 01:32:32'),
(239, 17, 'Prof. Raina Hegmann', 'Id nisi aperiam aut beatae deserunt saepe deleniti. Officia sit natus quidem vel.', 1, '2018-10-22 01:32:32', '2018-10-22 01:32:32'),
(240, 18, 'Mr. Geovanni Huel', 'Error optio exercitationem corporis excepturi omnis. Non eligendi ipsum ut quos et. Dolores maiores molestiae voluptatibus velit adipisci.', 5, '2018-10-22 01:32:32', '2018-10-22 01:32:32'),
(241, 5, 'Dr. Nathanial Kohler', 'Labore dignissimos est est ex alias voluptatum repellat. Cumque maxime mollitia modi non eius perferendis illum. Soluta quae quia soluta excepturi ab.', 0, '2018-10-22 01:32:32', '2018-10-22 01:32:32'),
(242, 17, 'Kelsie Hirthe', 'Officiis minima vitae quae ab. Inventore aperiam exercitationem omnis nihil non odit.', 3, '2018-10-22 01:32:32', '2018-10-22 01:32:32'),
(243, 8, 'Jewel O\'Hara', 'Inventore ratione reiciendis eveniet neque magnam et expedita. Quasi ea aut et. Velit qui est et vero a officia.', 3, '2018-10-22 01:32:32', '2018-10-22 01:32:32'),
(244, 6, 'Madison Crona', 'Dolorem tenetur sapiente harum voluptatum et in sed. Quasi sapiente ullam voluptas quo sequi iusto veniam.', 3, '2018-10-22 01:32:32', '2018-10-22 01:32:32'),
(245, 32, 'Prof. Lucy Rutherford', 'Sint quisquam veritatis sit velit aperiam. Sit quae et eum minima voluptatibus et. Facilis voluptatem fuga assumenda vel error sit earum.', 3, '2018-10-22 01:32:32', '2018-10-22 01:32:32'),
(246, 25, 'Narciso Stokes', 'Quia omnis voluptatibus ut omnis. Explicabo sed excepturi qui cumque sed quisquam omnis. Impedit ipsam et cupiditate doloribus eligendi.', 4, '2018-10-22 01:32:32', '2018-10-22 01:32:32'),
(247, 11, 'Jake Anderson', 'Aspernatur eum debitis nisi. Asperiores earum beatae praesentium aut inventore odit. Sapiente veniam omnis maxime dicta saepe dolores rem. Dignissimos vitae eius nihil necessitatibus excepturi aliquam est.', 4, '2018-10-22 01:32:32', '2018-10-22 01:32:32'),
(248, 29, 'Maymie Runolfsdottir', 'Pariatur maxime laboriosam aut illum maiores atque. Cum et maiores ea aspernatur minus ea. Fugit temporibus modi vel aut mollitia tempore accusantium quasi.', 1, '2018-10-22 01:32:32', '2018-10-22 01:32:32'),
(249, 32, 'Mona Maggio', 'Minima sequi et voluptatem. Qui perferendis nam corporis et et aut dolores. Dolorem molestiae neque voluptas ut hic.', 2, '2018-10-22 01:32:32', '2018-10-22 01:32:32'),
(250, 25, 'Dr. Jordane Anderson DVM', 'Ducimus autem ad veniam sunt enim. Eius cupiditate illo rerum aut quia sed recusandae. Et ut illo voluptatem vel.', 4, '2018-10-22 01:32:32', '2018-10-22 01:32:32'),
(251, 2, 'Sabina Reynolds', 'Id nemo minus id cumque a ducimus. Suscipit ipsum voluptate animi animi sit. Quia exercitationem reiciendis facere quibusdam nobis molestias. Ut in consequatur molestiae velit voluptate quia.', 4, '2018-10-22 01:32:32', '2018-10-22 01:32:32'),
(252, 17, 'Amalia Abshire Sr.', 'Ratione ex in quia. Et quia officiis saepe necessitatibus temporibus qui. Ut voluptas fuga repellat. Tenetur distinctio aut aut explicabo.', 0, '2018-10-22 01:32:32', '2018-10-22 01:32:32'),
(253, 2, 'Anabelle Kihn', 'Eum debitis occaecati fugiat tempora illum omnis quia. Et est id placeat explicabo. A non excepturi quod quam. Eos deleniti consequatur accusantium et repudiandae ut.', 5, '2018-10-22 01:32:32', '2018-10-22 01:32:32'),
(254, 1, 'Dr. Athena Cremin Sr.', 'Explicabo aliquam et id sapiente molestiae pariatur repellat. Tempore autem assumenda suscipit. Perspiciatis ut asperiores et. Qui quod porro similique aspernatur aut at.', 1, '2018-10-22 01:32:32', '2018-10-22 01:32:32'),
(255, 25, 'Elfrieda VonRueden', 'Ipsa voluptatem corporis tempore mollitia accusamus et vel quia. Accusamus fugit sit illo autem numquam exercitationem molestiae. Accusantium dolor eaque exercitationem dolore ea at.', 5, '2018-10-22 01:32:32', '2018-10-22 01:32:32'),
(256, 49, 'Carleton Schneider DDS', 'Aperiam accusamus et et consequatur sed quia. Est corrupti maxime rem et quis architecto. Commodi soluta esse quo necessitatibus asperiores. Quo tenetur laboriosam praesentium eos porro consequuntur ab consequatur.', 0, '2018-10-22 01:32:32', '2018-10-22 01:32:32'),
(257, 18, 'Katrine Emard', 'Esse molestiae atque minima ea atque vitae non. Doloremque error quaerat dolorem minima voluptas. Earum expedita tenetur dolor aut omnis nihil fugiat. Ipsum quis eaque laborum quibusdam.', 5, '2018-10-22 01:32:32', '2018-10-22 01:32:32'),
(258, 36, 'Miss Christine Gusikowski', 'Quo delectus et quia commodi quia qui. Sunt necessitatibus laborum omnis. Et maxime officia ut et eum similique est.', 3, '2018-10-22 01:32:32', '2018-10-22 01:32:32'),
(259, 38, 'Junior Mraz Jr.', 'Expedita corporis quisquam velit cupiditate est. Adipisci perspiciatis ut dicta repudiandae laudantium quae. Praesentium in ea tempora consequatur. Quibusdam exercitationem tempore porro.', 2, '2018-10-22 01:32:32', '2018-10-22 01:32:32'),
(260, 41, 'Dr. Emilia Bayer II', 'Aut et soluta animi et molestias. Repellendus impedit adipisci dolores doloribus tempore vero odit. Mollitia incidunt sit sunt necessitatibus aut.', 0, '2018-10-22 01:32:32', '2018-10-22 01:32:32'),
(261, 40, 'Anya Berge', 'Consectetur ea esse reprehenderit dolorum tempora. Sed quod fugiat ad odit. Non quibusdam nam illo voluptatum accusamus et. Unde aut laudantium sed doloremque ex aperiam. Rerum et est commodi fugit libero.', 2, '2018-10-22 01:32:32', '2018-10-22 01:32:32'),
(262, 14, 'Mozelle Schuppe', 'Ut illo consequatur est quo ipsam. Animi beatae eveniet molestiae aut odit sit adipisci. Et maxime facere ad quaerat. Distinctio sed nobis illo ratione.', 2, '2018-10-22 01:32:32', '2018-10-22 01:32:32'),
(263, 32, 'Jamison Wyman', 'Ut voluptatum at deleniti aperiam aliquam. Ipsum amet deserunt aut molestiae. Dolorum et non aut necessitatibus explicabo. Qui voluptatem nulla distinctio architecto fugit necessitatibus.', 4, '2018-10-22 01:32:32', '2018-10-22 01:32:32'),
(264, 11, 'Warren Streich', 'Et rerum sint aliquid quia. Quo porro necessitatibus repellat. Sint est dolor beatae nihil consequatur. Fugiat cumque fugit atque qui consequuntur voluptatem praesentium.', 4, '2018-10-22 01:32:32', '2018-10-22 01:32:32'),
(265, 29, 'Prof. Marley Effertz MD', 'Odit et commodi sint quae quam aut. Temporibus ratione quos rerum harum. Est corrupti assumenda tempore nam. Quo qui consectetur quas autem et.', 0, '2018-10-22 01:32:32', '2018-10-22 01:32:32'),
(266, 16, 'Mavis Hudson', 'Quisquam ut quia quis. Eius illum alias distinctio et qui aut et sit. Nisi placeat officia sint tempora eos sit inventore. Tempore deleniti quis nostrum nostrum eum occaecati.', 0, '2018-10-22 01:32:32', '2018-10-22 01:32:32'),
(267, 13, 'Janis Yundt', 'Voluptate non facere quaerat quae sequi. Ut eos perferendis et non rerum. Reiciendis tempore dicta quo placeat laboriosam. Sequi temporibus vel temporibus qui nesciunt.', 3, '2018-10-22 01:32:32', '2018-10-22 01:32:32'),
(268, 13, 'Dr. Mitchell Stanton DVM', 'Architecto iste et quis ducimus earum impedit repellendus. Iusto eos perferendis sint illum id quisquam commodi. Sed omnis aut qui ab doloribus dolor. Dolores quia optio et consequatur ut. Repellat ut velit reiciendis et.', 0, '2018-10-22 01:32:32', '2018-10-22 01:32:32'),
(269, 15, 'Cielo Kiehn', 'Quaerat enim molestias possimus sunt aut officia et. Exercitationem odio natus voluptates possimus dolorem voluptas esse. Sint deserunt adipisci laborum itaque numquam voluptas. Minus eius earum tempore modi quia.', 2, '2018-10-22 01:32:32', '2018-10-22 01:32:32'),
(270, 37, 'Craig Bosco', 'Aspernatur voluptate aut nulla et in consequuntur culpa voluptatem. Iusto sit dolore deleniti quia excepturi nihil dolores. Voluptatem ut quo quis occaecati dolores necessitatibus. Rem tempora impedit incidunt ea quos corporis earum non.', 4, '2018-10-22 01:32:32', '2018-10-22 01:32:32'),
(271, 7, 'Hayley O\'Connell', 'Ad in voluptatem ea cum corporis perferendis consectetur. Qui nam sit magni quas nostrum necessitatibus odit fugit. In corporis vero est cumque magnam placeat doloribus. Consequatur qui atque ut eum qui voluptatem doloremque in.', 4, '2018-10-22 01:32:32', '2018-10-22 01:32:32'),
(272, 10, 'Mr. Jadon Nitzsche', 'Autem ad voluptatem dolores. Tenetur odio aliquid consequatur dignissimos. Cumque tenetur quisquam quas facilis ducimus amet. Facere aspernatur iure aut necessitatibus ullam nesciunt.', 4, '2018-10-22 01:32:32', '2018-10-22 01:32:32'),
(273, 39, 'Audreanne Rice', 'Adipisci ducimus ratione maxime voluptas nulla provident vero. Et quasi voluptatem aut expedita. Est qui ratione autem commodi. Animi aut quisquam tempore non vel animi.', 2, '2018-10-22 01:32:32', '2018-10-22 01:32:32'),
(274, 49, 'Mr. Elvis Homenick V', 'Unde saepe occaecati numquam perferendis dicta earum autem hic. Dolorem officia ut reprehenderit. Tenetur aut iure sit voluptatem tempore expedita aut. Perspiciatis cum et cupiditate occaecati illum ea nihil. Porro pariatur nisi officia.', 5, '2018-10-22 01:32:32', '2018-10-22 01:32:32'),
(275, 33, 'Justina Rau', 'Nobis excepturi sunt eum omnis laborum alias quis. Magni non ea error aut. Aut omnis aut enim ipsum velit.', 3, '2018-10-22 01:32:32', '2018-10-22 01:32:32'),
(276, 37, 'Viviane Hartmann', 'Fuga iste cum harum similique officiis quam quo voluptas. Officia et non illo eligendi molestiae. Nesciunt repellat assumenda ut ea provident dolore. Temporibus quis nisi nisi placeat et cum repellendus voluptatem. Est quisquam aut consequatur aut voluptate voluptatem animi.', 1, '2018-10-22 01:32:32', '2018-10-22 01:32:32'),
(277, 31, 'Mrs. Bonnie Bahringer', 'Autem cupiditate reiciendis quis ut repudiandae. Ipsum ab sunt illum qui saepe. Est sit doloribus aliquid voluptate quae qui sed. Minus unde itaque dolores aut.', 0, '2018-10-22 01:32:32', '2018-10-22 01:32:32'),
(278, 14, 'Selina Dickens MD', 'Fugit consequatur cumque est ex. A nobis et nam nostrum suscipit eius libero qui. Placeat facere porro rerum quibusdam commodi. Molestiae sapiente incidunt nesciunt. Voluptatibus omnis quo explicabo assumenda dicta autem dolorem.', 5, '2018-10-22 01:32:32', '2018-10-22 01:32:32'),
(279, 40, 'Ms. Cristal Runte MD', 'Ut minus et quia distinctio sint tempora. Cum inventore deleniti est numquam. Sit velit sunt quis qui. Facere modi provident labore cumque hic quia.', 0, '2018-10-22 01:32:32', '2018-10-22 01:32:32'),
(280, 13, 'Providenci McLaughlin', 'Doloribus autem quidem non inventore autem doloribus. In voluptas eos est. Qui consequatur repudiandae quo dignissimos. Fuga iure quia voluptatem.', 5, '2018-10-22 01:32:32', '2018-10-22 01:32:32'),
(281, 17, 'Mr. Fred Prosacco', 'Itaque dolorum unde beatae cumque architecto. Eum exercitationem labore velit explicabo sed fugit sunt. Dolor veniam ut saepe consequatur debitis. Consequuntur et sunt necessitatibus. Modi illum consequatur reiciendis animi ducimus.', 2, '2018-10-22 01:32:32', '2018-10-22 01:32:32'),
(282, 46, 'Arnold Tremblay', 'Ut a repellendus quis adipisci molestiae dolor. Ut voluptatem rerum laborum nobis dolorum sapiente. Quia neque incidunt consequuntur autem blanditiis ullam. Deserunt qui sed culpa quae.', 4, '2018-10-22 01:32:32', '2018-10-22 01:32:32'),
(283, 42, 'Catharine Runolfsdottir', 'Magni et ipsum ea voluptatum. Error commodi voluptatem voluptas inventore in. Voluptatem quia ducimus omnis assumenda. Fugit mollitia aut deserunt facilis.', 0, '2018-10-22 01:32:32', '2018-10-22 01:32:32'),
(284, 28, 'Angel Spencer', 'Similique velit ab facilis voluptates commodi dignissimos aut. Aut quisquam qui eius aut quas eaque fugiat. Quo quis est minus minima eaque sed sit.', 2, '2018-10-22 01:32:32', '2018-10-22 01:32:32'),
(285, 49, 'Margarette Mraz', 'Adipisci reprehenderit quis quod itaque eum culpa atque. Voluptatibus provident non magni quo et sint explicabo. Odit et dolorem rerum. Facere ullam officia suscipit similique illo non molestias.', 2, '2018-10-22 01:32:32', '2018-10-22 01:32:32'),
(286, 11, 'Jocelyn Yundt', 'Eligendi possimus placeat cum omnis consequatur temporibus nihil. Maiores aperiam voluptas neque blanditiis molestiae nostrum. Alias maiores repellat facere. Et nihil natus aut facere eos neque.', 3, '2018-10-22 01:32:32', '2018-10-22 01:32:32'),
(287, 15, 'Ivy O\'Conner II', 'Aut perferendis veniam nostrum reiciendis. Consequatur corporis aliquam quo. Ducimus eaque repellat quia sed minima.', 3, '2018-10-22 01:32:32', '2018-10-22 01:32:32'),
(288, 34, 'Mr. Keenan Wolff', 'Est et mollitia nihil maiores sunt. Quis consectetur nihil dolore temporibus laboriosam libero quia qui. Quos dolores id iusto non quia qui. Est similique qui ut vitae non.', 3, '2018-10-22 01:32:32', '2018-10-22 01:32:32'),
(289, 43, 'Dora Bartell', 'Sit molestias reprehenderit facere tempora labore eaque magni. Quasi praesentium consequatur corporis quo. Natus harum amet quibusdam eum. Est quo voluptatibus illum possimus dolore ullam.', 0, '2018-10-22 01:32:32', '2018-10-22 01:32:32'),
(290, 14, 'Natasha Lindgren', 'Est sint non eveniet aut perspiciatis nesciunt. Velit accusamus odit iste dicta voluptas perferendis. Numquam enim ab sunt qui. Laborum odio neque velit voluptatem et.', 2, '2018-10-22 01:32:32', '2018-10-22 01:32:32'),
(291, 45, 'Emory Brown', 'Praesentium excepturi saepe labore autem repellat dicta rem. Laboriosam hic ad sit praesentium. Voluptate voluptatem voluptates eos asperiores. Possimus laboriosam tenetur nisi et a quas.', 0, '2018-10-22 01:32:32', '2018-10-22 01:32:32'),
(292, 26, 'Mathias Gerlach', 'Neque eius id et saepe pariatur aut. Ut itaque molestiae et fugit quisquam. Veritatis soluta vel necessitatibus amet debitis expedita. Recusandae sed ipsa et.', 3, '2018-10-22 01:32:32', '2018-10-22 01:32:32'),
(293, 18, 'Maggie Koss', 'Aut voluptatem accusantium est laborum ut harum qui. Et et quis aut sit itaque sed. Reprehenderit impedit esse soluta est iure et aspernatur tenetur. Recusandae vero odit dolor pariatur culpa maxime amet. Quis qui magni sed.', 5, '2018-10-22 01:32:32', '2018-10-22 01:32:32'),
(294, 12, 'Cecilia Kub', 'Vel dignissimos quaerat occaecati et. Hic consequatur quidem maiores delectus voluptatem occaecati vitae. Sit officia quos ea. Exercitationem quos occaecati unde qui accusamus.', 5, '2018-10-22 01:32:32', '2018-10-22 01:32:32'),
(295, 24, 'Coty Rolfson', 'Qui rerum sed voluptatum et non. Similique asperiores molestiae ipsa qui voluptates quos.', 3, '2018-10-22 01:32:32', '2018-10-22 01:32:32'),
(296, 19, 'Nikko Powlowski', 'Eos voluptatem blanditiis accusamus expedita consectetur nam. Quia autem eligendi quia qui. Alias facilis eos vel dolores voluptatibus accusantium.', 5, '2018-10-22 01:32:32', '2018-10-22 01:32:32'),
(297, 14, 'Maritza Sanford', 'Cum reprehenderit eum nihil libero explicabo blanditiis quis impedit. Magnam voluptatem sit temporibus ipsam. Culpa voluptatem placeat occaecati quam. Perspiciatis ut repellendus temporibus quod praesentium deserunt incidunt.', 3, '2018-10-22 01:32:32', '2018-10-22 01:32:32'),
(298, 50, 'Kylee Cartwright Jr.', 'Quo voluptate et officia iure occaecati corporis repellat. Quis voluptas explicabo dolor sunt occaecati. Aperiam impedit quo sit ut tempore laborum autem asperiores.', 1, '2018-10-22 01:32:32', '2018-10-22 01:32:32'),
(299, 47, 'Dr. Alexis Halvorson Sr.', 'Eveniet harum et ut. Distinctio id non voluptatem adipisci sed in quod sunt. Repudiandae possimus maxime rerum voluptatem dolores aperiam.', 0, '2018-10-22 01:32:32', '2018-10-22 01:32:32'),
(300, 15, 'Dr. Dustin Gerlach', 'Sed id ut beatae. Magni accusamus minima nihil quos. Quisquam qui officia eveniet qui alias tempore quasi. Asperiores labore molestias consequatur.', 1, '2018-10-22 01:32:32', '2018-10-22 01:32:32');

-- --------------------------------------------------------

--
-- Table structure for table `users`
--

CREATE TABLE `users` (
  `id` int(10) UNSIGNED NOT NULL,
  `name` varchar(191) COLLATE utf8mb4_unicode_ci NOT NULL,
  `email` varchar(191) COLLATE utf8mb4_unicode_ci NOT NULL,
  `email_verified_at` timestamp NULL DEFAULT NULL,
  `password` varchar(191) COLLATE utf8mb4_unicode_ci NOT NULL,
  `remember_token` varchar(100) COLLATE utf8mb4_unicode_ci DEFAULT NULL,
  `created_at` timestamp NULL DEFAULT NULL,
  `updated_at` timestamp NULL DEFAULT NULL
) ENGINE=InnoDB DEFAULT CHARSET=utf8mb4 COLLATE=utf8mb4_unicode_ci;

--
-- Dumping data for table `users`
--

INSERT INTO `users` (`id`, `name`, `email`, `email_verified_at`, `password`, `remember_token`, `created_at`, `updated_at`) VALUES
(1, 'Divyang', 'divyangbhambhani@gmail.com', NULL, '$2y$10$vKkCN64GibCpELhzDI0G6eYjQiF3NcNJYVfQ2.73wuPG9fmCAtNiS', NULL, '2018-10-22 01:42:24', '2018-10-22 01:42:24');

--
-- Indexes for dumped tables
--

--
-- Indexes for table `migrations`
--
ALTER TABLE `migrations`
  ADD PRIMARY KEY (`id`);

--
-- Indexes for table `oauth_access_tokens`
--
ALTER TABLE `oauth_access_tokens`
  ADD PRIMARY KEY (`id`),
  ADD KEY `oauth_access_tokens_user_id_index` (`user_id`);

--
-- Indexes for table `oauth_auth_codes`
--
ALTER TABLE `oauth_auth_codes`
  ADD PRIMARY KEY (`id`);

--
-- Indexes for table `oauth_clients`
--
ALTER TABLE `oauth_clients`
  ADD PRIMARY KEY (`id`),
  ADD KEY `oauth_clients_user_id_index` (`user_id`);

--
-- Indexes for table `oauth_personal_access_clients`
--
ALTER TABLE `oauth_personal_access_clients`
  ADD PRIMARY KEY (`id`),
  ADD KEY `oauth_personal_access_clients_client_id_index` (`client_id`);

--
-- Indexes for table `oauth_refresh_tokens`
--
ALTER TABLE `oauth_refresh_tokens`
  ADD PRIMARY KEY (`id`),
  ADD KEY `oauth_refresh_tokens_access_token_id_index` (`access_token_id`);

--
-- Indexes for table `password_resets`
--
ALTER TABLE `password_resets`
  ADD KEY `password_resets_email_index` (`email`);

--
-- Indexes for table `products`
--
ALTER TABLE `products`
  ADD PRIMARY KEY (`id`);

--
-- Indexes for table `reviews`
--
ALTER TABLE `reviews`
  ADD PRIMARY KEY (`id`),
  ADD KEY `reviews_product_id_index` (`product_id`);

--
-- Indexes for table `users`
--
ALTER TABLE `users`
  ADD PRIMARY KEY (`id`),
  ADD UNIQUE KEY `users_email_unique` (`email`);

--
-- AUTO_INCREMENT for dumped tables
--

--
-- AUTO_INCREMENT for table `migrations`
--
ALTER TABLE `migrations`
  MODIFY `id` int(10) UNSIGNED NOT NULL AUTO_INCREMENT, AUTO_INCREMENT=10;

--
-- AUTO_INCREMENT for table `oauth_clients`
--
ALTER TABLE `oauth_clients`
  MODIFY `id` int(10) UNSIGNED NOT NULL AUTO_INCREMENT, AUTO_INCREMENT=3;

--
-- AUTO_INCREMENT for table `oauth_personal_access_clients`
--
ALTER TABLE `oauth_personal_access_clients`
  MODIFY `id` int(10) UNSIGNED NOT NULL AUTO_INCREMENT, AUTO_INCREMENT=2;

--
-- AUTO_INCREMENT for table `products`
--
ALTER TABLE `products`
  MODIFY `id` int(10) UNSIGNED NOT NULL AUTO_INCREMENT, AUTO_INCREMENT=54;

--
-- AUTO_INCREMENT for table `reviews`
--
ALTER TABLE `reviews`
  MODIFY `id` int(10) UNSIGNED NOT NULL AUTO_INCREMENT, AUTO_INCREMENT=301;

--
-- AUTO_INCREMENT for table `users`
--
ALTER TABLE `users`
  MODIFY `id` int(10) UNSIGNED NOT NULL AUTO_INCREMENT, AUTO_INCREMENT=2;

--
-- Constraints for dumped tables
--

--
-- Constraints for table `reviews`
--
ALTER TABLE `reviews`
  ADD CONSTRAINT `reviews_product_id_foreign` FOREIGN KEY (`product_id`) REFERENCES `products` (`id`) ON DELETE CASCADE;
COMMIT;

/*!40101 SET CHARACTER_SET_CLIENT=@OLD_CHARACTER_SET_CLIENT */;
/*!40101 SET CHARACTER_SET_RESULTS=@OLD_CHARACTER_SET_RESULTS */;
/*!40101 SET COLLATION_CONNECTION=@OLD_COLLATION_CONNECTION */;
